member_noSource;region_noSource;gender
6114;5;1
6059;9;0
7618;7;1
569;9;0
1152;7;1
2137;9;0
1146;7;1
2134;9;1
7619;7;0
5714;9;1
6589;7;0
8734;9;1
7073;7;0
5725;9;0
1059;7;0
5731;9;0
7610;7;1
5747;9;0
7640;7;1
8724;9;1
1063;7;0
5745;9;0
8171;7;0
8728;9;1
1655;7;0
2113;9;0
7043;7;0
5659;9;0
7641;7;0
8680;9;1
7638;7;1
8677;9;0
6924;7;1
2140;9;1
8330;7;1
5909;9;0
1420;7;1
8717;9;0
9912;7;1
5768;9;1
7623;7;0
8702;9;1
9894;7;1
8700;9;1
7835;7;0
2074;9;1
9983;7;0
5801;9;0
907;7;0
5802;9;1
1656;7;1
5770;9;1
8084;7;1
8679;9;0
9990;7;1
5805;9;0
8335;7;0
5812;9;1
9896;7;1
8687;9;0
1153;7;0
5813;9;0
9972;7;1
8685;9;0
9917;7;0
5814;9;1
9960;7;1
5818;9;1
787;7;0
8694;9;1
6971;7;0
2092;9;1
6520;7;1
8703;9;0
1463;7;0
5916;9;1
6988;7;1
625;9;0
1092;7;1
2056;9;1
1465;7;0
2055;9;0
1087;7;0
2047;9;0
6523;7;0
603;9;0
1702;7;1
5858;9;1
8140;7;1
8660;9;1
6528;7;1
5862;9;1
7757;7;0
2044;9;1
899;7;0
8656;9;1
7755;7;0
5901;9;0
783;7;0
2027;9;0
785;7;0
2030;9;1
6976;7;1
611;9;0
1437;7;0
610;9;1
6970;7;1
5872;9;1
7731;7;0
2062;9;1
6540;7;1
8632;9;1
6542;7;1
8676;9;1
7016;7;1
5904;9;1
1112;7;1
626;9;1
7736;7;1
8629;9;0
8123;7;0
5921;9;0
7711;7;0
5931;9;0
7709;7;0
2009;9;0
1440;7;1
5908;9;1
7025;7;0
2007;9;0
1122;7;1
8619;9;0
7741;7;0
8618;9;1
6962;7;1
5941;9;0
7622;7;1
8612;9;1
9924;7;1
5950;9;1
7086;7;1
5968;9;1
464;6;1
5972;9;1
4670;6;1
8622;9;1
2621;6;0
5902;9;1
9203;6;0
5789;9;0
5136;6;1
5804;9;1
9201;6;0
584;9;1
9198;6;1
8465;9;0
350;6;1
6290;9;1
4711;6;0
6294;9;1
9189;6;0
1809;9;0
7236;6;1
6304;9;1
1404;6;1
6307;9;0
9020;6;1
1801;9;0
8016;6;1
721;9;0
7249;6;0
8466;9;1
9205;6;0
1799;9;0
4679;6;0
1795;9;0
7289;6;0
6332;9;1
484;6;1
6342;9;1
7291;6;0
585;9;0
4536;6;1
733;9;0
4533;6;0
6176;9;1
8086;6;1
6351;9;0
5278;6;1
6173;9;0
4620;6;1
8565;9;0
4689;6;0
5991;9;0
7244;6;1
8594;9;1
8018;6;1
5993;9;0
2605;6;0
1969;9;0
7246;6;1
1965;9;0
8935;6;0
8587;9;0
5318;6;1
1961;9;0
8121;6;0
8585;9;0
4698;6;1
6021;9;0
9000;6;1
6023;9;0
5306;6;1
1941;9;0
4974;6;1
6033;9;0
2625;6;0
6039;9;0
2626;6;1
6042;9;1
5299;6;0
6043;9;0
469;6;0
1951;9;0
334;6;1
6378;9;1
5302;6;1
732;9;1
9211;6;0
723;9;0
7014;6;1
6219;9;0
1416;6;1
6223;9;0
9977;7;0
6232;9;1
1162;7;1
6245;9;0
9989;7;0
6265;9;0
4651;6;0
6260;9;1
8146;7;1
6218;9;1
909;6;0
8477;9;0
9220;6;1
1831;9;0
5056;6;1
6253;9;0
8122;6;1
6251;9;0
1331;6;0
648;9;1
5294;6;1
647;9;0
9001;6;0
8606;9;1
7017;6;0
8480;9;1
8087;6;0
6209;9;0
7108;6;1
3278;9;1
4661;6;0
8467;9;0
8127;6;0
6187;9;0
7258;6;1
6287;9;0
2395;6;0
1874;9;1
4639;6;0
9219;6;0
2311;6;0
1309;6;0
7743;7;0
7003;7;0
7437;7;0
7255;7;0
7366;7;1
7285;7;0
1295;7;0
1293;7;0
994;7;1
6755;7;0
8242;7;1
982;7;1
998;7;1
7290;7;1
7294;7;1
1252;7;1
1609;7;0
6694;7;1
7415;7;0
7425;7;0
970;7;1
6684;7;1
1244;7;1
7209;7;0
1247;7;0
7997;7;0
7926;7;1
7227;7;0
851;7;0
7410;7;1
1605;7;0
6833;7;0
1339;7;0
8289;7;0
1520;7;1
7307;7;0
7989;7;0
6729;7;0
7355;7;0
7267;7;0
7971;7;0
1589;7;0
1542;7;1
828;7;1
8267;7;0
8004;7;1
7348;7;1
6737;7;0
1320;7;1
1285;7;0
6725;7;0
1595;7;0
8012;7;1
7965;7;0
8249;7;0
1560;7;1
7314;7;1
8244;7;1
988;7;1
1307;7;0
7309;7;0
7280;7;1
1588;7;1
7359;7;0
7360;7;1
1594;7;1
7358;7;1
6985;7;0
7277;7;0
6688;7;1
7924;7;1
8282;7;1
8095;7;0
8093;7;0
795;7;0
7028;7;1
6945;7;0
1482;7;1
1687;7;0
7031;7;0
1078;7;1
6956;7;1
6553;7;0
8356;7;1
7806;7;1
6931;7;0
6583;7;0
935;7;0
934;7;1
786;7;1
6549;7;0
792;7;1
796;7;1
1138;7;1
8106;7;1
6953;7;0
6938;7;1
8345;7;0
7818;7;1
3277;7;0
7660;7;1
7824;7;1
7656;7;1
1424;7;1
6951;7;0
7694;7;1
1433;7;0
1526;7;1
7382;7;1
7247;7;0
6724;7;1
6723;7;0
8226;7;1
6709;7;0
6721;7;0
1274;7;1
8015;7;0
8274;7;1
7959;7;0
7398;7;1
1276;7;1
8014;7;1
7742;7;1
1333;7;0
7238;7;1
7692;7;1
1129;7;0
7688;7;1
921;7;0
6560;7;1
7048;7;1
1004;7;1
7305;7;0
7243;7;0
7953;7;0
7951;7;0
8219;7;0
8275;7;0
1332;7;1
7879;7;0
7094;7;1
4547;6;0
9254;6;1
5016;6;1
5226;6;1
2536;6;1
2540;6;1
8110;6;1
2542;6;1
9136;6;1
5231;6;0
7193;6;0
2547;6;0
9041;6;0
8111;6;0
7195;6;0
8109;6;0
8962;6;1
922;6;1
9040;6;1
4805;6;0
9038;6;1
1351;6;0
9146;6;1
5152;6;1
2336;6;1
9127;6;0
1350;6;1
5242;6;1
9008;6;1
4794;6;1
5025;6;0
5029;6;0
1348;6;1
2335;6;0
7199;6;0
2448;6;1
4742;6;1
4759;6;0
2446;6;1
5033;6;0
8115;6;0
2330;6;1
8116;6;1
5035;6;0
8028;6;1
5260;6;1
8027;6;0
7120;6;1
2534;6;1
7052;6;1
7041;6;0
5248;6;1
7213;6;0
4770;6;1
8024;6;1
9030;6;1
4732;6;1
8996;6;1
4731;6;0
8946;6;1
9156;6;1
7078;6;1
975;6;0
7115;6;0
5147;6;0
9172;6;1
973;6;0
4777;6;0
4973;6;0
1352;6;1
5103;6;0
5525;6;0
3618;6;1
3090;6;1
3630;6;1
7834;6;1
3636;6;1
3638;6;1
9706;6;1
3080;6;1
3648;6;1
1147;6;0
3649;6;0
3611;6;0
7654;6;1
3617;6;0
3733;6;0
3734;6;1
96;6;1
2962;6;1
2958;6;1
3855;6;0
3853;6;0
3850;6;1
7869;6;0
3110;6;1
2988;6;1
7545;6;0
1201;6;0
9595;6;0
2979;6;0
3847;6;0
2977;6;0
9606;6;1
3591;6;0
9724;6;1
7650;6;1
7601;6;0
7602;6;1
3665;6;0
1061;6;0
9699;6;0
9698;6;1
3711;6;0
2708;6;1
7843;6;0
7606;6;1
3698;6;1
3055;6;0
9687;6;0
7308;6;1
3692;6;1
5218;6;1
3731;6;0
3725;6;0
7649;6;0
7648;6;1
3602;6;1
1062;6;1
3076;6;1
76;6;0
95;6;0
7600;6;1
7845;6;0
9669;6;0
7597;6;0
7595;6;0
9663;6;0
3724;6;1
3713;6;0
1457;6;0
4931;6;0
7148;6;1
9238;6;1
326;6;1
2644;6;1
2645;6;0
2648;6;1
9224;6;1
1448;6;1
1334;6;1
4615;6;0
4612;6;1
902;6;1
2397;6;0
9229;6;0
323;6;0
2423;6;0
2424;6;1
2674;6;1
2586;6;1
476;6;1
2668;6;1
1454;6;1
2669;6;0
901;6;0
9231;6;0
479;6;0
2663;6;0
2672;6;1
8085;6;0
6997;6;0
7278;6;1
4575;6;0
7273;6;0
2583;6;0
4607;6;0
8910;6;1
8890;6;1
6990;6;1
7008;6;1
2418;6;1
7998;6;1
4560;6;1
6992;6;1
2422;6;1
9251;6;0
4556;6;1
5348;6;1
7284;6;1
2420;6;1
992;6;1
1410;6;1
897;6;0
7302;6;1
329;6;0
7282;6;1
2403;6;0
322;6;1
313;6;0
5088;6;1
2303;6;0
4525;6;0
8892;6;1
4518;6;1
2288;6;1
7992;6;1
1305;6;0
5357;6;0
488;6;1
7163;6;0
4881;6;0
4882;6;1
1391;6;0
8060;6;1
7138;6;1
4963;6;0
4962;6;1
955;6;0
4951;6;0
9281;6;0
2487;6;0
1384;6;1
5165;6;0
395;6;0
4937;6;0
402;6;1
4934;6;1
9077;6;0
5186;6;1
4993;6;0
2464;6;1
4923;6;0
4920;6;1
8990;6;1
7065;6;0
7133;6;0
2381;6;0
8052;6;1
5182;6;1
5183;6;0
931;6;0
1397;6;0
4911;6;0
389;6;0
7068;6;1
2382;6;1
1373;6;0
5188;6;1
5006;6;1
7157;6;0
7158;6;1
4900;6;1
5156;6;1
4880;6;1
8089;6;0
2364;6;1
8047;6;0
2518;6;1
9099;6;0
7167;6;0
9101;6;0
8371;6;0
8983;6;0
8981;6;0
9107;6;0
5187;6;0
9108;6;1
2361;6;0
1365;6;0
1427;6;0
4863;6;0
9102;6;1
444;6;1
8045;6;0
9043;6;0
4859;6;0
7124;6;1
8966;6;1
8965;6;0
8971;6;0
1349;7;0
853;7;0
6892;7;1
3666;7;1
79;7;0
3674;7;1
3675;7;0
3677;7;0
3681;7;0
80;7;1
9772;7;1
3729;7;0
3517;7;0
3513;7;0
17;7;0
3230;7;1
3661;7;0
3650;7;1
75;7;0
3085;7;0
3052;7;1
3050;7;1
9673;7;0
9683;7;0
91;7;0
3717;7;0
9842;7;1
9668;7;1
9665;7;0
3039;7;0
9671;7;0
85;7;0
9691;7;0
3634;7;1
9666;7;1
3705;7;0
3338;7;1
9836;7;1
9819;7;0
9799;7;0
9795;7;0
9794;7;1
3489;7;0
3469;7;0
3168;7;1
3166;7;1
3164;7;1
9778;7;1
3158;7;1
9773;7;0
3497;7;0
3200;7;1
9822;7;1
9863;7;0
3248;7;1
3217;7;0
3391;7;0
3399;7;0
3206;7;1
3334;7;1
3246;7;1
9840;7;1
3265;7;0
3306;7;1
9855;7;0
3308;7;1
3250;7;1
3249;7;0
3326;7;1
3259;7;0
9682;7;1
3631;7;0
9711;7;0
9088;7;1
4954;7;1
9067;7;0
9065;7;0
2474;7;1
2473;7;0
2479;7;0
9091;7;0
387;7;0
4901;7;0
2525;7;0
9114;7;1
4869;7;0
4945;7;0
4936;7;1
9079;7;0
2497;7;0
2569;7;0
9158;7;1
370;7;1
4781;7;0
9150;7;1
4790;7;1
2523;7;0
4791;7;0
4799;7;0
9154;7;1
9119;7;0
379;7;0
9115;7;0
4910;7;1
365;7;0
382;7;1
9109;7;0
9105;7;0
64;7;1
3625;7;0
9766;7;1
9765;7;0
9760;7;1
3574;7;1
3099;7;0
3542;7;1
3130;7;1
54;7;0
9746;7;1
3124;7;1
3550;7;1
3089;7;0
3135;7;0
3466;7;1
3620;7;1
3613;7;0
2520;7;1
4889;7;0
4890;7;1
4894;7;1
405;7;0
2334;7;1
66;7;1
9392;7;1
61;7;0
3585;7;0
3112;7;1
3598;7;1
3580;7;1
3107;7;0
2796;7;1
9166;7;1
3465;7;0
3416;7;1
3778;7;1
3015;7;0
3763;7;0
9601;7;0
9600;7;1
136;7;1
3909;7;0
3911;7;0
3895;7;0
3912;7;1
3924;7;1
3933;7;0
3943;7;0
105;7;1
114;7;1
9651;7;0
3751;7;0
3801;7;0
9617;7;0
3805;7;0
3794;7;1
3004;7;1
2995;7;0
3945;7;0
2994;7;1
3000;7;1
9610;7;1
3792;7;1
9626;7;1
3746;7;1
3747;7;0
2989;7;0
3800;7;1
3915;7;0
9583;7;0
5748;7;1
5751;7;0
5756;7;1
5758;7;1
5760;7;1
5763;7;0
8474;7;1
2093;7;0
712;7;1
2111;7;0
2122;7;1
1824;7;1
8736;7;1
8475;7;0
6269;7;0
7772;7;1
2488;7;1
2959;7;0
129;7;0
3849;7;0
3857;7;0
3862;7;1
3863;7;0
3892;7;1
9589;7;0
2970;7;1
3870;7;1
133;7;0
3875;7;0
2932;7;1
5250;7;1
132;7;1
9623;7;0
9550;7;1
9655;7;0
4046;7;1
4016;7;1
9490;7;1
2883;7;0
191;7;0
4081;7;0
2871;7;0
2868;7;1
4054;7;1
2866;7;1
2906;7;1
9508;7;1
9540;7;1
4039;7;0
4036;7;1
4030;7;1
4025;7;0
3427;7;0
3429;7;0
3430;7;1
9814;7;1
29;7;0
9807;7;0
3962;7;1
9804;7;1
3452;7;1
3462;7;1
3516;7;1
9393;7;0
3732;7;1
9654;7;1
3179;7;0
3963;7;0
3967;7;0
3973;7;0
227;7;0
211;7;0
9437;7;0
2856;7;1
9456;7;1
4127;7;0
9401;7;0
2852;7;1
4141;7;0
4142;7;1
2844;7;1
4146;7;1
2830;7;1
3959;7;0
205;7;0
9801;7;0
4224;7;1
4211;7;0
9531;7;0
2923;7;0
180;7;1
4008;7;1
2924;7;1
2864;7;1
9403;7;0
9466;7;1
4194;7;1
2812;7;1
4204;7;1
4208;7;1
4181;7;0
4209;7;0
4116;7;1
361;7;0
4758;7;1
367;7;0
1513;7;0
1511;7;0
7165;7;0
1221;7;0
7493;7;0
8204;7;1
7901;7;0
7362;7;1
6578;7;1
6514;7;1
4563;7;0
4564;7;1
9246;7;1
1229;7;0
1514;7;1
7174;7;1
1363;7;0
1361;7;0
7468;7;1
6869;7;0
6651;7;0
7154;7;1
7504;7;1
4576;7;1
8053;7;0
1633;7;0
1212;7;1
6872;7;1
8203;7;0
1219;7;0
8300;7;1
7511;7;0
1353;7;0
4558;7;1
4585;7;0
4619;7;0
2652;7;1
344;7;1
346;7;1
4696;7;1
2601;7;0
349;7;0
4690;7;1
2588;7;1
4719;7;0
4723;7;0
9184;7;1
4728;7;1
2653;7;0
317;7;0
2683;7;0
9258;7;1
4587;7;0
4600;7;1
4602;7;1
324;7;1
4554;7;1
4550;7;1
4577;7;0
2703;7;0
4516;7;1
4520;7;1
312;7;1
4551;7;0
4531;7;0
9260;7;1
4513;7;0
6671;7;0
967;7;0
6846;7;1
7118;7;1
7116;7;1
7572;7;1
7851;7;0
7849;7;0
7101;7;0
946;7;1
881;7;0
6914;7;1
1052;7;1
6610;7;1
8176;7;1
808;7;1
6887;7;0
7130;7;1
7874;7;1
1394;7;1
8191;7;0
7552;7;1
6635;7;0
6630;7;1
6627;7;0
7862;7;1
8182;7;1
6899;7;0
1040;7;1
958;7;1
957;7;0
6642;7;1
8306;7;1
8061;7;0
1638;7;1
1406;7;1
8318;7;1
7114;7;1
1621;7;0
965;7;0
7183;7;0
7904;7;1
7903;7;0
7181;7;0
8040;7;1
7184;7;1
7191;7;0
7202;7;1
7441;7;0
8036;7;1
7914;7;1
7913;7;0
7455;7;0
9187;7;0
1356;7;1
819;7;0
7574;7;1
7576;7;1
7577;7;0
947;7;0
7581;7;0
6622;7;1
7189;7;0
7107;7;0
1183;7;0
7105;7;0
6902;7;1
7204;7;1
1035;7;0
8303;7;0
7584;7;1
2604;7;1
4687;7;0
4683;7;0
5046;7;1
9026;7;1
2439;7;0
5121;7;0
5122;7;1
5193;7;0
5194;7;1
8980;7;1
8973;7;0
5205;7;0
2366;7;1
8967;7;0
5225;7;0
5045;7;0
2438;7;1
5043;7;0
9022;7;1
5074;7;1
2425;7;0
2430;7;1
2421;7;0
5090;7;1
5092;7;1
8957;7;0
5096;7;1
5101;7;0
5082;7;1
5105;7;0
9024;7;1
5002;7;1
5003;7;0
5099;7;0
5246;7;1
5247;7;0
446;7;1
4814;7;1
4817;7;0
2546;7;1
9138;7;1
4809;7;0
9134;7;1
9055;7;0
9129;7;0
9124;7;1
9123;7;0
9122;7;1
4835;7;0
4856;7;1
4806;7;1
376;7;1
5069;7;0
4986;7;1
2469;7;0
2369;7;0
5184;7;1
5123;7;0
9003;7;0
5129;7;0
423;7;0
2578;7;1
5146;7;1
2383;7;0
433;7;0
5169;7;0
8984;7;1
5171;7;0
2373;7;0
2384;7;1
7526;6;1
2428;7;1
4751;7;0
4357;7;0
4362;7;1
4365;7;0
9344;7;1
2744;7;1
9338;7;1
4361;7;0
9364;7;1
9367;7;0
2790;7;1
4260;7;1
4270;7;1
4301;7;0
266;7;1
4345;7;0
4341;7;0
4340;7;1
9225;7;0
9222;7;1
9217;7;0
2634;7;1
2629;7;0
9210;7;1
4279;7;0
2623;7;0
4676;7;1
9283;7;0
4730;7;1
4500;7;1
4319;7;0
4320;7;1
9206;7;1
9377;7;0
9371;7;0
4298;7;1
4396;7;1
2734;7;1
4406;7;1
4412;7;1
283;7;0
4427;7;0
9328;7;1
9314;7;1
4443;7;0
4444;7;1
4445;7;0
2705;7;0
242;7;1
2579;7;0
4437;7;0
5063;7;0
4446;7;1
9298;7;1
9368;7;1
9330;7;1
274;7;1
9306;7;1
2720;7;1
4469;7;0
4448;7;1
2712;7;1
9299;7;0
4478;7;1
4486;7;1
9288;7;1
294;7;1
4497;7;0
4452;7;1
5727;7;0
2965;6;0
3859;6;0
4275;5;0
7477;5;0
177;5;0
8522;5;1
1266;5;1
1630;5;1
2780;5;1
5988;5;1
9374;5;1
2921;5;0
1268;5;1
4269;5;0
3949;5;0
4304;5;1
6717;5;0
7500;5;1
1217;5;0
9519;5;0
1903;5;0
250;5;1
9376;5;1
5982;5;1
8531;5;0
7958;5;1
9532;5;1
8605;5;0
9515;5;0
7502;5;1
6659;5;0
7392;5;1
249;5;0
7956;5;1
6660;5;1
5989;5;0
9528;5;1
685;5;0
6143;5;0
9386;5;1
5978;5;1
2910;5;1
5975;5;0
7496;5;1
259;5;0
9543;5;0
3940;5;1
4258;5;1
6123;5;0
4000;5;1
6156;5;1
3934;5;1
7470;5;1
8523;5;0
3971;5;0
1029;5;0
263;5;0
7473;5;0
8601;5;0
8301;5;0
3978;5;1
9511;5;0
6154;5;1
9387;5;0
8517;5;0
7949;5;0
6117;5;0
4289;5;0
680;5;1
8519;5;0
1028;5;1
4267;5;0
7420;5;1
2827;5;0
1938;5;1
208;5;1
658;5;1
9446;5;1
9447;5;0
2825;5;0
9448;5;1
9440;5;1
9438;5;1
2840;5;1
7435;5;0
662;5;1
659;5;0
2822;5;1
6693;5;0
4092;5;1
8569;5;0
7922;5;1
4140;5;1
6034;5;1
9450;5;1
4126;5;1
4136;5;1
654;5;1
9432;5;1
4175;5;0
4179;5;0
4180;5;1
2841;5;0
9451;5;0
4184;5;1
6022;5;1
8296;5;1
7413;5;0
1614;5;1
1946;5;1
7438;5;1
7917;5;0
4189;5;0
4120;5;1
4114;5;1
820;5;1
4118;5;1
6663;5;0
1018;5;1
5996;5;1
3989;5;0
9458;5;1
8602;5;1
663;5;0
9418;5;1
4106;5;1
9464;5;1
8559;5;0
6069;5;0
9416;5;1
4101;5;0
6058;5;1
1948;5;1
1239;5;0
6072;5;1
9468;5;1
200;5;1
6678;5;1
6699;5;0
4100;5;1
6675;5;0
2914;5;1
4001;5;0
763;6;0
6733;6;0
8859;6;0
6466;6;1
8361;6;0
8280;6;1
2014;6;1
6456;6;1
6950;6;1
8862;6;1
5918;6;1
1593;6;0
6740;6;1
5432;6;1
8398;6;1
8852;6;1
8278;6;1
6946;6;1
2235;6;0
624;6;1
2023;6;0
8392;6;1
5910;6;1
8595;6;0
8635;6;0
2232;6;1
5413;6;0
5459;6;0
1736;6;1
5412;6;1
6451;6;0
622;6;1
5451;6;0
5928;6;1
825;6;0
6939;6;0
8616;6;1
5409;6;0
5408;6;1
2002;6;1
2229;6;0
6448;6;1
6704;6;1
5942;6;1
5465;6;0
8265;6;0
6445;6;0
8163;6;0
1727;6;0
1981;6;0
5945;6;0
6433;6;0
6013;6;0
5946;6;1
6017;6;0
2221;6;0
2000;6;1
5952;6;1
8162;6;1
524;6;1
1473;6;0
6437;6;0
1470;6;1
1999;6;0
889;6;0
1700;6;1
1582;6;1
1768;6;1
5915;6;0
5418;6;1
9933;6;0
823;6;0
9991;6;0
2264;6;1
9927;6;0
527;6;0
8147;6;0
5501;6;0
9942;6;1
9930;6;1
1464;6;1
6398;6;1
8820;6;1
1598;6;1
9922;6;1
6427;6;0
9926;6;1
8593;5;0
6712;5;1
2911;5;0
1905;5;0
2775;5;0
4286;5;1
2206;6;1
9968;6;1
9987;6;0
641;6;0
9925;6;0
5490;6;1
9893;6;0
2214;6;1
8169;6;0
608;6;1
8575;6;0
6763;6;0
768;6;1
1945;6;0
8287;6;0
6409;6;0
5507;6;0
1704;6;1
1755;6;0
5506;6;1
6926;6;1
8416;6;1
8884;6;1
750;6;1
5476;6;1
6025;6;0
6925;6;0
2779;5;0
8824;6;1
6420;6;1
6401;6;0
771;6;0
5370;6;1
1715;6;0
2277;6;0
1986;6;1
5381;6;0
6393;6;0
8376;6;1
8290;6;1
640;6;1
5971;6;0
6504;6;1
5508;6;1
6561;6;0
2255;6;0
8297;5;0
9495;5;0
7722;5;1
6446;5;1
3236;5;1
8390;5;1
8366;5;1
8389;5;0
8387;5;0
3305;5;0
7760;5;1
9861;5;0
7761;5;0
3298;5;1
1717;5;0
26;5;1
3204;5;1
25;5;0
3208;5;1
3422;5;1
9817;5;0
8404;5;1
3419;5;0
3418;5;1
7719;5;0
6505;5;0
3415;5;0
7720;5;1
1081;5;0
3211;5;0
6452;5;1
3400;5;1
22;5;0
3414;5;1
3192;5;1
770;5;1
3284;5;1
1093;5;0
7752;5;1
7779;5;0
3325;5;0
6486;5;1
1726;5;1
9848;5;1
3108;5;1
7717;5;0
1694;5;1
8430;5;1
7671;5;0
6574;5;1
3321;5;0
3330;5;1
7747;5;0
6482;5;1
9875;5;0
1707;5;0
3261;5;0
3251;5;0
7754;5;1
1735;5;0
7768;5;1
6476;5;1
3346;5;1
1732;5;1
3343;5;0
1730;5;1
6533;5;0
3339;5;0
16;5;1
8403;5;0
7734;5;1
3361;5;0
6625;5;0
107;5;0
8314;5;1
1186;5;1
3023;5;0
3769;5;0
104;5;1
707;5;0
1184;5;1
7857;5;0
704;5;1
1202;5;1
1863;5;0
3009;5;0
3782;5;1
6237;5;0
3786;5;1
3897;5;0
3898;5;1
1875;5;0
7517;5;0
3907;5;0
6639;5;0
7544;5;1
6247;5;0
6198;5;1
9620;5;1
7562;5;1
7563;5;0
1191;5;0
3016;5;1
2976;5;1
122;5;0
6207;5;0
9611;5;0
3383;5;0
3220;5;1
9833;5;0
3223;5;0
3394;5;1
7733;5;0
6457;5;0
1738;5;1
1106;5;1
3368;5;1
3227;5;0
3365;5;0
3364;5;1
9844;5;1
9839;5;0
1675;5;0
3389;5;0
3213;5;0
2992;5;1
3825;5;0
7548;5;1
3823;5;0
8310;5;1
9359;5;0
3215;5;0
8496;5;1
7866;5;1
6631;5;0
118;5;1
3930;5;1
3597;5;0
9723;5;0
3812;5;1
2891;5;0
3137;5;0
1776;5;1
4069;5;0
6703;5;0
6078;5;1
1954;5;1
9473;5;0
7936;5;1
4079;5;0
196;5;1
1010;5;1
8552;5;1
8550;5;1
4212;5;1
6085;5;0
6093;5;0
7401;5;0
672;5;1
2804;5;1
7508;5;1
6629;5;0
7889;5;0
2877;5;0
1962;5;1
7941;5;0
6086;5;1
1235;5;0
671;5;0
4061;5;0
4223;5;0
4059;5;0
7453;5;0
1008;5;1
9483;5;0
3170;5;1
9407;5;0
2803;5;0
2802;5;1
2800;5;1
7908;5;1
2884;5;1
4236;5;1
9492;5;1
8542;5;1
4239;5;0
7905;5;0
1622;5;1
9494;5;1
4034;5;1
2797;5;0
9496;5;1
6106;5;1
1917;5;0
4241;5;0
9499;5;0
1914;5;1
238;5;1
7395;5;0
649;5;0
1910;5;1
6087;5;0
2897;5;0
7465;5;0
1972;5;1
2903;5;0
5998;5;1
9504;5;1
1909;5;0
7945;5;0
3171;5;0
748;5;1
6416;5;1
1788;5;1
1786;5;1
8436;5;1
6353;5;0
3119;5;0
7821;5;0
3563;5;0
7666;5;1
3566;5;1
8344;5;1
6358;5;1
1140;5;1
6355;5;0
9729;5;0
1789;5;0
1659;5;0
7827;5;0
1780;5;1
7676;5;1
1774;5;1
7814;5;1
3153;5;0
1681;5;0
741;5;0
3523;5;0
9768;5;1
8422;5;1
736;5;1
6575;5;0
9749;5;0
3128;5;1
6387;5;0
3431;5;0
7689;5;0
755;5;0
6422;5;1
9775;5;0
9776;5;1
1763;5;0
9779;5;0
3163;5;0
753;5;0
8354;5;1
3494;5;1
6555;5;0
3169;5;0
7802;5;1
3475;5;0
3476;5;1
9784;5;1
3546;5;1
6426;5;1
3189;5;0
32;5;1
1748;5;1
1746;5;1
7798;5;1
6438;5;1
3449;5;0
6439;5;0
8409;5;0
756;5;1
1120;5;1
9808;5;1
3441;5;0
9813;5;0
1691;5;0
7712;5;1
8284;6;1
5468;6;1
2224;6;1
9343;6;0
9379;6;0
4274;6;1
4277;6;0
1260;6;1
4282;6;1
9372;6;1
4291;6;0
1262;6;1
4294;6;1
9382;6;1
2772;6;1
2786;6;1
9406;6;1
9302;6;1
2717;6;0
2718;6;1
9295;6;0
4482;6;1
290;6;1
9289;6;0
7312;6;1
7318;6;1
4256;6;1
9300;6;1
7981;6;0
1296;6;1
4449;6;0
9307;6;0
4455;6;0
4457;6;0
4441;6;0
4480;6;1
4219;6;0
7943;6;0
4368;6;1
4369;6;0
7964;6;1
4297;6;0
7962;6;1
4332;6;1
4308;6;1
4311;6;0
4312;6;1
7961;6;0
7372;6;1
9357;6;0
4325;6;0
2745;6;0
7361;6;0
4358;6;1
4356;6;1
4230;6;1
9398;6;1
4242;6;1
239;6;0
240;6;1
4250;6;1
9404;6;1
7391;6;0
9342;6;1
255;6;0
9365;6;0
270;6;1
4346;6;1
2753;6;0
4259;6;0
7988;6;1
4475;6;0
4474;6;1
7464;6;1
4026;6;1
9500;6;1
7461;6;0
9493;6;0
4047;6;0
2908;6;1
1224;6;1
9509;6;0
7474;6;1
3985;6;0
3986;6;1
7899;6;0
2905;6;0
1232;6;1
1226;6;1
3970;6;1
9557;6;0
3927;6;0
3902;6;1
3906;6;1
2950;6;1
7885;6;0
9520;6;1
9568;6;1
3919;6;0
2948;6;1
2946;6;1
1213;6;0
3937;6;0
9491;6;0
9566;6;1
3990;6;1
181;6;0
9517;6;0
4398;6;1
1280;6;1
7351;6;0
999;6;0
4386;6;1
4387;6;0
4400;6;1
2740;6;1
4395;6;0
1281;6;0
7345;6;0
7353;6;0
7333;6;0
2713;6;0
2737;6;0
9356;6;1
2728;6;1
9318;6;1
3995;6;0
183;6;0
2913;6;0
185;6;0
3901;6;0
9412;6;1
2735;6;0
4215;6;0
7341;6;0
4407;6;0
4409;6;0
4415;6;0
4418;6;1
1286;6;1
4405;6;0
1030;6;1
4328;6;1
9352;6;1
3436;6;1
9805;6;0
3183;6;0
7708;6;1
9830;6;1
9849;6;0
1085;6;0
9845;6;0
9838;6;1
7783;6;0
3378;6;1
3379;6;0
3219;6;0
3435;6;0
7715;6;0
3432;6;1
3428;6;1
3274;6;1
3282;6;1
3270;6;1
7769;6;0
3269;6;0
7774;6;1
3387;6;0
7764;6;1
3258;6;1
3456;6;1
3349;6;0
7739;6;0
3196;6;1
1079;6;0
3299;6;0
3275;6;0
3216;6;1
3397;6;0
9650;6;1
1046;6;1
3758;6;1
9642;6;1
9639;6;0
3773;6;0
3774;6;1
3780;6;1
1188;6;1
3017;6;0
3738;6;1
2993;6;0
1039;6;0
3032;6;1
3037;6;0
7858;6;1
3821;6;0
1070;6;1
3116;6;1
9738;6;1
7559;6;0
9618;6;1
1195;6;0
3214;6;1
7556;6;1
3002;6;1
7865;6;0
2997;6;0
1043;6;0
117;6;1
7565;6;0
1196;6;1
3302;6;1
7758;6;1
3240;6;1
1123;6;0
7800;6;1
33;6;0
3468;6;1
7699;6;0
7698;6;1
3481;6;0
7697;6;0
3461;6;0
7686;6;1
7683;6;0
7672;6;1
52;6;1
3464;6;1
3486;6;1
3515;6;0
3491;6;0
1211;6;0
3887;6;0
3882;6;1
9786;6;1
3493;6;0
7695;6;0
3553;6;0
3496;6;1
40;6;1
7808;6;1
45;6;0
3505;6;0
7687;6;0
3157;6;0
7807;6;0
3131;6;0
7670;6;1
3557;6;0
9754;6;1
3573;6;0
3459;6;0
3310;6;1
9;6;0
12;6;1
9757;6;0
7780;6;1
7748;6;1
3337;6;0
3340;6;1
9851;6;0
3344;6;1
3257;6;0
3329;6;0
4331;6;0
7677;6;0
3531;6;0
3558;6;1
53;6;0
3125;6;0
3568;6;1
9741;6;0
9752;6;1
49;6;1
1076;6;1
1074;6;1
9770;6;1
3522;6;1
7812;6;1
7680;6;1
3151;6;0
1073;6;0
3939;6;0
7892;6;1
1220;6;1
6180;6;1
1531;6;0
5690;6;1
2131;6;0
1862;6;1
1860;6;1
6203;6;0
1864;6;1
6133;6;0
1900;6;1
1856;6;1
5685;6;0
2133;6;0
8508;6;1
5724;6;1
5719;6;0
8302;6;1
2126;6;1
577;6;0
5715;6;0
6653;6;0
1880;6;1
5728;6;1
8742;6;1
1524;6;1
8732;6;1
6650;6;1
5702;6;1
686;6;1
6161;6;0
1881;6;0
1525;6;0
5746;6;1
8504;6;1
1866;6;1
834;6;1
6907;6;0
5850;6;1
5554;6;1
6349;6;0
836;6;1
6900;6;1
8562;6;1
6331;6;0
5566;6;1
1791;6;0
8666;6;1
8789;6;0
8293;6;0
6054;6;1
6352;6;1
8294;6;1
5755;6;0
1519;6;0
8217;6;0
6183;6;0
1872;6;1
6194;6;1
5627;6;0
5696;6;1
1897;6;0
1626;6;1
6261;6;0
8185;6;0
1499;6;0
8341;6;0
6138;6;1
8738;6;1
6824;6;1
6644;6;1
6853;6;0
8497;6;0
2142;6;1
6217;6;0
6636;6;1
6211;6;0
846;6;1
8501;6;0
6213;6;0
6234;6;1
5673;6;0
6633;6;0
6127;6;0
679;6;0
5656;6;1
2086;6;1
6120;6;1
6968;6;1
502;6;1
5470;6;1
5895;6;0
8642;6;1
6543;6;0
5670;6;1
729;6;0
8231;6;0
5662;6;1
1849;6;0
5660;6;1
8491;6;0
1842;6;1
8815;6;0
6661;6;0
5668;6;1
6849;6;0
6856;6;1
6241;6;0
6623;6;0
8486;6;1
1540;6;1
2082;6;1
5782;6;1
1837;6;0
5788;6;1
6845;6;0
8512;6;1
5740;6;1
1876;6;1
2105;6;0
5787;6;0
8516;6;1
6109;6;0
5790;6;1
8503;6;0
1906;6;1
5654;6;1
8758;6;1
8759;6;0
6803;6;0
1834;6;1
8205;6;0
6667;6;0
5797;6;0
8237;6;0
1640;6;1
6258;6;1
5640;6;1
843;6;0
8566;6;1
5559;6;0
6681;6;0
9462;6;1
9461;6;0
204;6;1
4115;6;0
4088;6;1
9455;6;0
4082;6;1
2872;6;1
4053;6;0
4063;6;0
7911;6;0
9479;6;0
2873;6;0
4108;6;1
2862;6;1
4102;6;1
4099;6;0
5597;6;0
1811;6;0
6077;6;0
870;6;1
8298;6;1
5815;6;0
4073;6;0
8780;6;1
1807;6;0
6602;6;1
8887;6;0
385;6;0
6986;6;1
199;6;1
1808;6;1
9475;6;0
4076;6;1
7448;6;1
4149;6;0
9443;6;0
4157;6;0
9439;6;0
4205;6;0
7457;6;0
7426;6;1
4048;6;1
7503;6;0
2935;6;0
1218;6;1
2929;6;0
7890;6;1
7492;6;1
2938;6;1
8462;6;1
7429;6;0
7920;6;1
4052;6;1
2855;6;0
4125;6;0
2820;6;1
2819;6;0
9425;6;0
4139;6;0
2815;6;0
223;6;0
7931;6;0
4176;6;1
2853;6;0
4172;6;1
7436;6;1
4200;6;1
1205;6;0
6292;6;1
8448;6;1
5540;6;1
6363;6;0
6050;6;1
602;6;1
6367;6;0
8179;6;0
5855;6;0
8806;6;1
5867;6;0
2059;6;0
2061;6;0
6875;6;0
1619;6;0
1936;6;1
5541;6;0
6368;6;1
1568;6;1
1666;6;1
878;6;1
8432;6;1
1610;6;1
2199;6;0
8661;6;0
5606;6;1
8174;6;1
6371;6;0
5861;6;0
1773;6;0
6566;6;1
8658;6;1
724;6;1
6372;6;1
6876;6;1
5807;6;0
5602;6;1
6101;6;0
6794;6;1
8331;6;0
6306;6;1
2065;6;0
1928;6;1
5612;6;1
596;6;1
1553;6;0
6317;6;0
722;6;1
1654;6;1
8785;6;0
5828;6;1
5826;6;1
665;6;0
8324;6;1
5618;6;1
8469;6;0
2170;6;1
6088;6;1
6285;6;0
1814;6;1
6608;6;1
6870;6;1
1920;6;1
6262;6;1
558;6;1
6263;6;0
6264;6;1
6615;6;0
716;6;1
674;6;1
3894;5;1
8730;7;1
2104;7;1
4854;9;1
3161;9;0
3254;9;1
2556;9;1
9118;9;1
4844;9;1
4598;9;1
3503;9;0
4603;9;0
2649;9;0
9785;9;0
9812;9;1
3333;9;0
11;9;1
2661;9;0
345;9;0
3318;9;1
3234;9;1
3439;9;0
4653;9;0
9212;9;1
4650;9;1
2631;9;0
9175;9;0
354;9;1
9787;9;0
3492;9;1
4692;9;1
3437;9;0
3433;9;0
2531;9;0
3222;9;1
3483;9;0
4837;9;0
364;9;1
4111;9;0
9460;9;1
4112;9;1
4075;9;0
194;9;1
3019;9;0
3790;9;1
3802;9;1
3796;9;1
9621;9;0
4062;9;1
4064;9;1
2857;9;0
2858;9;1
9632;9;1
9631;9;0
2863;9;0
4691;9;0
4840;9;1
9230;9;1
2657;9;0
4606;9;1
327;9;0
4838;9;1
9857;9;0
3177;9;0
4534;9;1
4078;9;1
4080;9;1
4091;9;0
109;9;0
9781;9;0
2557;9;0
341;9;0
3477;9;0
9825;9;0
9259;9;0
9104;9;1
3294;9;1
3463;9;0
3533;9;0
9843;9;0
9192;9;1
4561;9;0
3529;9;0
3292;9;1
3207;9;0
9764;9;1
3366;9;1
9161;9;0
2568;9;1
4879;9;0
9113;9;0
3455;9;0
3384;9;1
4872;9;1
9190;9;1
4761;9;0
9165;9;0
4767;9;0
3286;9;1
9824;9;1
4878;9;1
4708;9;1
4541;9;0
3148;9;1
3534;9;1
3532;9;1
2521;9;0
3288;9;1
4734;9;1
9178;9;1
9852;9;1
4632;9;1
4648;9;1
9223;9;0
9131;9;0
3187;9;0
9806;9;1
9185;9;0
4671;9;0
3226;9;1
4726;9;1
3185;9;0
4678;9;1
115;9;1
355;9;0
9132;9;1
4764;9;1
3403;9;0
9762;9;1
24;9;0
2555;9;0
3;9;0
3490;9;1
4745;9;0
325;9;0
38;9;1
337;9;0
2635;9;0
9204;9;1
3485;9;0
3312;9;1
2524;9;1
3795;9;0
2875;9;0
4402;9;1
3109;9;0
4408;9;1
62;9;1
3590;9;1
2738;9;1
4424;9;1
4426;9;1
4428;9;1
4433;9;0
4434;9;1
4442;9;1
9308;9;1
4399;9;0
9670;9;1
4186;9;1
182;9;1
3856;9;1
121;9;0
3838;9;1
9524;9;1
178;9;1
2919;9;0
4425;9;0
2984;9;1
3845;9;0
3998;9;1
128;9;1
127;9;0
123;9;0
4009;9;0
3994;9;1
120;9;1
3595;9;0
4367;9;0
304;9;1
4524;9;1
2694;9;1
3136;9;1
311;9;0
3543;9;0
3133;9;0
9731;9;0
4496;9;1
3564;9;1
9733;9;0
59;9;0
9301;9;0
4503;9;0
303;9;0
3561;9;0
4505;9;0
3103;9;0
9719;9;0
4371;9;0
4372;9;1
9340;9;1
4391;9;0
2739;9;0
4373;9;0
4383;9;0
4384;9;1
273;9;0
3104;9;1
3111;9;0
4462;9;1
9334;9;1
4041;9;0
4032;9;1
9497;9;0
2823;9;0
3767;9;0
4132;9;1
9641;9;0
3766;9;1
4150;9;1
4151;9;0
4152;9;1
207;9;0
3029;9;0
2832;9;1
4165;9;0
9647;9;0
9653;9;0
3803;9;0
9429;9;0
3722;9;1
3791;9;0
193;9;1
4066;9;1
9457;9;0
9636;9;1
3034;9;1
188;9;1
9659;9;0
9660;9;1
3730;9;1
9436;9;1
4182;9;1
215;9;0
217;9;0
212;9;1
9488;9;1
137;9;0
3884;9;1
162;9;1
3951;9;0
3905;9;0
141;9;0
3944;9;1
3043;9;0
3916;9;1
9529;9;0
9604;9;1
4018;9;1
4022;9;1
2987;9;0
4024;9;1
9609;9;0
3983;9;0
3793;9;0
3954;9;1
3917;9;0
134;9;1
3961;9;0
3876;9;1
170;9;1
2966;9;1
2926;9;1
158;9;1
3867;9;0
3975;9;0
9574;9;1
9546;9;1
154;9;0
2941;9;0
2939;9;0
9536;9;1
9735;9;0
48;9;1
34;9;1
3509;8;0
7405;8;0
3115;8;0
7230;8;1
3583;8;0
7235;8;0
3518;8;1
1328;8;1
1326;8;1
3508;8;1
1340;8;1
7196;8;1
7200;8;1
7414;8;1
7190;8;1
1242;8;1
7434;8;1
7419;8;0
3500;8;1
7161;8;0
3167;8;0
7159;8;0
3605;8;0
7208;8;1
3606;8;1
3628;8;1
3095;8;0
1240;8;1
1241;8;0
1385;8;0
3100;8;1
7431;8;0
3501;8;0
7211;8;0
7216;8;1
3332;8;1
6783;8;0
3848;8;1
1128;8;1
3319;8;0
7667;8;0
1533;8;0
1144;8;1
3363;8;0
1142;8;1
6851;8;0
7661;8;0
6848;8;1
3842;8;1
3841;8;0
3244;8;1
1544;8;1
7218;8;1
7219;8;0
7221;8;0
3714;8;1
6930;8;1
6812;8;1
7215;8;0
3832;8;1
7684;8;1
3347;8;0
3834;8;1
3233;8;0
3341;8;0
7693;8;0
6932;8;1
1632;8;1
1362;8;1
1360;8;1
1207;8;0
3084;8;1
1398;8;1
3524;8;1
3155;8;0
7390;8;1
7295;8;0
7292;8;1
1311;8;0
1312;8;1
1314;8;1
7281;8;0
7393;8;0
3146;8;1
3047;8;0
7537;8;0
3716;8;1
7021;8;0
7521;8;0
7029;8;0
3440;8;1
7506;8;1
7036;8;1
7276;8;1
3058;8;1
7447;8;0
3706;8;1
7523;8;0
7540;8;1
7002;8;1
7538;8;1
7045;8;0
7397;8;0
7257;8;0
1324;8;1
1273;8;0
7327;8;0
7304;8;1
1304;8;1
7315;8;0
1259;8;0
7347;8;0
7317;8;0
7322;8;1
7326;8;1
7329;8;0
7568;8;1
7399;8;0
7400;8;1
7319;8;0
1141;8;0
3144;8;1
7342;8;1
3582;8;1
3121;8;0
7394;8;1
7265;8;0
3123;8;0
3565;8;0
1284;8;1
3154;8;1
7303;8;0
7335;8;0
3551;8;0
7367;8;0
1288;8;1
3142;8;1
7300;8;1
9142;9;1
3229;8;0
1518;8;1
1151;8;0
6877;8;0
6861;8;0
1154;8;1
3372;8;1
9993;9;0
2554;9;1
9883;9;0
3198;9;1
9955;9;0
3417;9;0
9979;9;0
9245;9;0
3783;8;0
6865;8;0
7350;8;1
6880;8;1
7579;8;0
3028;8;1
3760;8;1
1181;8;0
3026;8;1
1492;8;1
9913;9;0
6919;8;0
3210;8;1
7591;8;0
3771;8;0
3772;8;1
1496;8;1
3775;8;0
3209;8;0
1174;8;1
3369;9;0
2597;9;0
3173;9;0
9155;9;0
3380;9;1
3159;9;0
3426;9;1
3311;9;0
4860;9;1
4583;9;0
3304;9;1
3370;9;1
9116;9;1
3512;9;1
4862;9;1
9112;9;1
4703;9;0
9945;9;0
4868;9;1
9921;9;0
3443;9;0
9905;9;0
4753;9;0
9984;9;1
3362;9;1
9916;9;1
9937;9;0
9946;9;1
9769;9;0
9950;9;1
3447;9;0
9953;9;0
9891;9;0
4780;9;1
6908;8;1
1505;8;0
7594;8;1
6690;8;1
3910;8;1
6707;8;0
1099;8;0
3287;8;0
1615;8;0
3283;8;0
2949;8;0
3271;8;0
6672;8;1
6668;8;1
3925;8;0
7766;8;1
1608;8;1
3290;8;1
1109;8;0
6701;8;0
6825;8;0
3232;8;1
3817;8;0
3818;8;1
7665;8;0
6821;8;0
3914;8;1
3819;8;0
7647;8;0
3854;8;1
1567;8;0
6706;8;1
2951;8;0
6702;8;1
6818;8;1
3858;8;1
6773;8;0
6770;8;1
7646;8;1
1165;8;0
3395;8;0
6903;8;0
7607;8;0
6897;8;0
6742;8;1
6858;8;1
3224;8;1
3374;8;1
6886;8;1
1157;8;0
1504;8;1
3021;8;0
7616;8;1
3824;8;1
3297;8;0
3889;8;0
6767;8;0
2972;8;1
3865;8;0
6760;8;1
6756;8;1
1115;8;0
1110;8;1
3878;8;1
3883;8;0
1113;8;0
3303;8;0
2957;8;0
3886;8;1
6722;8;1
1599;8;0
9736;9;1
4495;9;0
4484;9;1
7299;9;0
991;9;0
7968;9;1
7970;9;1
7973;9;0
1290;9;1
1298;9;1
7987;9;0
7242;9;1
8425;9;0
738;9;1
6381;9;0
2259;9;0
986;9;1
7264;9;1
7262;9;1
8010;9;1
7963;9;0
1003;9;0
7942;9;1
7403;9;0
1012;9;1
7407;9;0
494;9;1
1014;9;1
7409;9;0
1006;9;1
7365;9;0
7364;9;1
1278;9;1
7253;9;0
1250;9;1
1002;9;1
5398;9;1
5400;9;1
5322;9;1
8913;9;0
475;9;0
5330;9;1
2299;9;0
5339;9;0
5380;9;1
8902;9;1
8899;9;0
2294;9;1
2291;9;0
8893;9;0
489;9;0
5377;9;0
8881;9;0
8841;9;0
5421;9;0
501;9;0
5403;9;0
8868;9;1
5407;9;0
5388;9;1
5410;9;1
8874;9;1
2248;9;1
2246;9;1
2244;9;1
5436;9;1
5441;9;0
8848;9;1
2234;9;1
508;9;1
7389;9;0
1001;9;0
1256;9;1
7422;9;1
7418;9;1
1249;9;0
7416;9;1
7127;9;0
7135;9;0
7136;9;1
7141;9;0
1387;9;0
8056;9;1
7146;9;1
7151;9;0
1379;9;0
7822;9;1
7663;9;0
7819;9;0
1139;9;0
7620;9;1
7621;9;0
7627;9;0
7629;9;0
7630;9;1
7644;9;1
8064;9;1
7831;9;0
7655;9;0
7659;9;0
7805;9;0
1077;9;0
7810;9;1
1131;9;0
1066;9;1
1371;9;0
1370;9;1
7177;9;0
8070;9;1
8072;9;1
7110;9;1
942;9;1
7093;9;0
8082;9;1
8091;9;0
1411;9;0
7234;9;1
7375;9;0
7378;9;1
1263;9;0
7955;9;0
7385;9;0
7079;9;0
5359;9;0
938;9;1
8097;9;0
7178;9;1
7187;9;0
8038;9;1
1345;9;0
974;9;1
7223;9;0
7071;9;0
8067;9;0
8105;9;0
1429;9;0
7061;9;0
7063;9;0
8100;9;1
1423;9;0
7117;9;0
1171;9;0
8888;9;1
5341;9;0
8927;9;0
5301;9;0
5303;9;0
5304;9;1
2312;9;1
5283;9;0
5239;9;0
8956;9;1
5233;9;0
2386;9;1
5142;9;1
5143;9;0
5144;9;1
8930;9;1
5282;9;1
5243;9;0
5280;9;1
4972;9;1
9063;9;0
4965;9;0
2476;9;1
4953;9;0
5108;9;1
431;9;0
8760;9;1
5140;9;1
5244;9;1
2325;9;0
2322;9;1
5274;9;1
8939;9;0
5115;9;0
4977;9;0
5160;9;1
5166;9;1
1916;9;1
6105;9;0
6068;9;1
6121;9;0
1902;9;1
6131;9;0
683;9;0
6135;9;0
8525;9;0
8521;9;0
6148;9;1
6157;9;0
6119;9;0
6076;9;1
6073;9;0
5669;9;0
5639;9;0
5167;9;0
2379;9;0
2360;9;1
5230;9;1
2349;9;0
8968;9;1
5162;9;1
8969;9;0
2352;9;1
5202;9;1
2355;9;0
5200;9;1
5116;9;1
383;9;0
8970;9;1
4942;9;1
9074;9;1
4929;9;0
5592;9;1
5555;9;0
5551;9;0
8833;9;0
2218;9;1
5485;9;0
5493;9;0
8825;9;0
8823;9;0
530;9;1
5512;9;1
2204;9;1
2203;9;0
5633;9;0
5621;9;0
2161;9;0
557;9;0
5473;9;0
5481;9;0
8834;9;1
5556;9;1
5557;9;0
2190;9;1
5543;9;0
5563;9;0
8797;9;0
5583;9;0
5598;9;1
5600;9;1
5605;9;0
5610;9;1
5574;9;1
5536;9;1
5534;9;1
5532;9;1
9025;9;0
9021;9;0
2413;9;0
419;9;0
2410;9;1
5047;9;0
5049;9;0
9056;9;1
404;9;1
386;9;1
2512;9;1
4914;9;1
390;9;1
393;9;0
9057;9;0
2267;9;0
2436;9;1
4980;9;1
5529;9;0
5528;9;1
5524;9;1
5316;9;1
471;9;0
8920;9;1
5037;9;0
4981;9;0
9051;9;0
4988;9;1
2455;9;0
2453;9;0
2450;9;1
9032;9;1
406;9;1
7598;9;1
1125;9;0
7702;9;1
6810;9;1
6792;9;1
841;9;0
8239;9;0
6798;9;1
6799;9;0
8236;9;1
6801;9;0
8234;9;1
1541;9;0
6806;9;1
1546;9;1
6896;9;1
1555;9;0
6784;9;1
8246;9;1
1562;9;1
866;9;1
6878;9;1
1506;9;1
6893;9;0
6894;9;1
6852;9;1
6901;9;0
1500;9;1
6808;9;1
8257;9;0
6765;9;0
1566;9;1
6777;9;0
1564;9;1
6813;9;0
6868;9;1
898;9;1
900;9;1
883;9;0
1491;9;0
6923;9;0
6928;9;1
6929;9;0
886;9;1
1475;9;0
6964;9;1
8154;9;1
6960;9;1
6955;9;0
8157;9;0
1483;9;0
882;9;1
6916;9;1
6911;9;0
6974;9;1
6999;9;0
7000;9;1
1452;9;1
1450;9;1
8145;9;0
1447;9;0
6996;9;1
911;9;0
7020;9;1
1442;9;1
7030;9;1
1446;9;1
1469;9;0
8148;9;1
913;9;0
8208;9;1
847;9;0
8209;9;0
4243;9;0
3062;9;1
226;9;1
9680;9;1
9422;9;1
4188;9;1
3048;9;1
90;9;1
3708;9;1
3702;9;1
4198;9;1
88;9;1
4207;9;0
4253;9;0
2792;9;1
9689;9;0
86;9;1
4487;9;0
4488;9;1
9743;9;0
4491;9;0
9744;9;1
3122;9;1
9410;9;1
320;9;1
4216;9;1
4228;9;1
4238;9;1
2808;9;1
3691;9;0
4245;9;0
3614;9;1
2813;9;0
4343;9;0
9385;9;0
3068;9;1
3663;9;0
4296;9;1
4299;9;0
4287;9;0
4058;9;1
2776;9;1
2212;9;1
8223;9;0
6822;9;1
1528;9;1
6831;9;0
6839;9;0
6843;9;0
4895;9;0
6941;9;0
4305;9;0
2783;9;0
4268;9;1
2770;9;1
2766;9;1
3075;9;0
4321;9;0
3073;9;0
2777;9;0
3642;9;1
9350;9;1
3629;9;0
3092;9;1
3619;9;0
260;9;1
9381;9;0
4338;9;1
1489;9;0
6758;9;1
7037;9;0
1041;9;0
7864;9;1
1044;9;1
7560;9;1
7566;9;1
1190;9;1
7571;9;0
7578;9;1
7580;9;1
1197;9;0
7583;9;0
7888;9;1
7489;9;0
7887;9;0
1200;9;1
7541;9;0
7533;9;0
8304;9;1
6643;9;0
1635;9;0
8311;9;0
8313;9;0
812;9;1
7423;9;0
8261;9;0
7049;9;0
7515;9;0
7516;9;1
7881;9;0
7524;9;1
1038;9;1
1435;9;0
7424;9;1
7428;9;1
7430;9;1
7795;9;0
1118;9;1
7793;9;0
7703;9;0
7728;9;1
7786;9;1
1080;9;1
1107;9;0
1097;9;0
7751;9;0
7756;9;1
7777;9;0
7759;9;0
7729;9;0
7740;9;1
6617;9;0
7718;9;1
7704;9;1
7443;9;0
7458;9;1
7459;9;0
1233;9;0
7467;9;0
7471;9;0
7799;9;0
7898;9;1
7483;9;0
7487;9;0
1024;9;1
1176;9;1
1051;9;0
1173;9;0
7482;9;1
1443;8;0
6616;9;1
6613;9;0
1692;9;1
6552;9;1
6554;9;1
8373;9;0
6562;9;1
6500;9;1
6496;9;1
1766;9;1
1752;9;1
6423;9;0
6440;9;1
8406;9;1
6499;9;0
8360;9;1
6535;9;0
6527;9;0
6525;9;0
8260;9;1
1584;9;1
6507;9;0
772;9;1
8382;9;1
773;9;0
6441;9;0
8380;9;1
1716;9;1
8377;9;0
6515;9;0
6506;9;1
6516;9;1
6518;9;1
6508;9;1
1741;9;0
1740;9;1
6462;9;1
6727;9;0
8269;9;0
6741;9;0
1585;9;0
8279;9;0
6664;9;1
1596;9;1
1627;9;0
797;9;0
1671;9;0
6580;9;1
802;9;1
1651;9;0
8327;9;0
6647;9;0
6614;9;1
6710;9;1
6674;9;1
1739;9;0
6465;9;0
765;9;0
6471;9;0
6495;9;0
6564;9;1
8281;9;0
6570;9;1
1613;9;0
1612;9;1
6687;9;0
6689;9;0
1606;9;1
6705;9;0
1616;9;1
5734;7;1
3195;8;0
7547;8;0
8506;8;1
9791;8;0
8464;8;1
9725;8;0
8479;8;0
63;8;0
9648;8;1
9728;8;1
800;8;1
108;8;1
8342;8;1
9629;8;0
8396;8;1
8394;8;1
8489;8;0
9697;8;0
702;8;1
8410;8;1
817;8;0
36;8;1
8505;8;0
9694;8;1
8320;8;1
9716;8;1
8481;8;0
9701;8;0
1057;8;0
8487;8;0
747;8;0
8352;8;1
740;8;1
9708;8;1
700;8;1
7855;8;0
1083;8;0
8175;8;0
538;8;1
9152;8;1
8805;8;0
9163;8;0
8803;8;0
9170;8;1
9139;8;0
8029;8;0
8170;8;1
8164;8;1
8159;8;0
8847;8;0
9147;8;0
371;8;0
1036;8;1
7937;8;0
7847;8;0
9826;8;1
7789;8;0
694;8;1
9662;8;1
7854;8;1
9837;8;0
8431;8;0
7785;8;0
1064;8;1
39;8;0
9835;8;0
791;8;0
701;8;0
1050;8;1
8346;8;1
1056;8;1
8321;8;0
9763;8;0
9880;8;1
9767;8;0
9915;8;0
9624;8;1
8549;8;0
664;8;1
9859;8;0
6;8;1
822;8;1
9868;8;1
55;8;0
1071;8;0
9967;8;0
57;8;0
9996;8;1
727;8;0
9978;8;1
9758;8;1
9934;8;1
9730;8;1
9951;8;0
9619;8;0
9870;8;1
9904;8;1
9895;8;0
8437;8;0
9947;8;0
8365;8;0
9919;8;0
8340;8;1
9853;8;0
9753;8;0
8574;8;1
9874;8;1
7873;8;0
8454;8;1
9864;8;1
8567;8;0
9592;8;1
9858;8;1
7872;8;1
9637;8;0
8498;8;1
8428;8;1
809;8;0
9686;8;1
9685;8;0
7833;8;0
681;8;0
514;8;1
8368;8;1
784;8;1
8288;8;1
8337;8;0
8336;8;1
8378;8;1
8447;8;0
9755;8;0
126;8;1
9866;8;1
7778;8;1
7867;8;0
9615;8;0
9739;8;0
767;8;0
726;8;1
8568;8;1
5460;7;1
8843;8;0
517;8;0
8624;8;1
9502;8;1
9465;8;0
7916;8;1
8264;8;1
8259;8;0
9441;8;0
7923;8;0
9505;8;0
206;8;1
9452;8;1
9453;8;0
7918;8;1
9498;8;1
8268;8;1
7907;8;0
9486;8;1
413;8;0
9029;8;0
8144;8;1
9035;8;0
9037;8;0
410;8;1
8263;8;0
8063;8;0
9271;8;0
306;8;1
8748;8;1
9477;8;0
9482;8;1
189;8;0
8889;8;0
8142;8;1
614;8;1
637;8;0
1026;8;1
1032;8;1
169;8;0
7891;8;0
8598;8;1
167;8;1
171;8;0
9579;8;0
9433;8;0
222;8;1
9316;8;1
7972;8;1
9325;8;0
172;8;1
7896;8;1
9530;8;1
8272;8;1
160;8;1
9553;8;0
1033;8;0
9559;8;0
9560;8;1
150;8;1
9506;8;1
8586;8;1
8580;8;1
163;8;0
9544;8;1
8277;8;0
8596;8;1
9513;8;0
9571;8;0
9019;8;0
8896;8;1
8075;8;0
8186;8;1
9194;8;1
962;8;1
8788;8;1
9208;8;1
8193;8;0
8854;8;1
961;8;0
8988;8;1
465;8;0
8919;8;0
8090;8;1
426;8;1
8184;8;1
8023;8;0
9221;8;0
8777;8;0
520;8;1
9176;8;1
9177;8;0
356;8;1
9226;8;1
9232;8;1
425;8;0
8771;8;0
9242;8;1
8765;8;0
8206;8;1
9255;8;0
9263;8;0
980;8;1
8202;8;1
904;8;1
8914;8;1
420;8;1
417;8;0
8867;8;0
9071;8;0
780;8;1
397;8;0
394;8;1
8964;8;1
388;8;1
510;8;1
9090;8;1
9061;8;0
8877;8;0
8878;8;1
9049;8;0
9086;8;1
8044;8;1
8938;8;1
441;8;0
473;8;0
8136;8;1
435;8;0
438;8;1
461;8;0
927;8;0
8943;8;0
919;8;0
453;8;0
452;8;1
449;8;0
940;8;1
8120;8;1
442;8;1
8953;8;0
277;8;0
5547;7;0
1775;7;0
1940;7;1
8579;7;0
6036;7;1
6027;7;0
656;7;1
8588;7;1
5987;7;0
6046;7;1
651;7;0
6056;7;1
5994;7;1
6055;7;0
5995;7;0
1956;7;1
1939;7;0
1932;7;1
8626;7;1
8561;7;0
6064;7;1
5955;7;0
1931;7;0
1924;7;1
635;7;0
6002;7;1
5929;7;0
8546;7;1
2003;7;0
5940;7;1
8614;7;1
6091;7;0
5948;7;1
6104;7;1
6074;7;1
6003;7;0
6048;7;1
5857;7;0
698;7;1
5860;7;1
8949;7;0
5866;7;1
5926;7;1
5880;7;1
8520;7;1
8638;7;1
5913;7;0
5914;7;1
8633;7;0
5917;7;0
6181;7;0
1868;7;1
8669;7;0
607;7;0
6047;7;0
6007;7;0
2058;7;1
8540;7;1
1878;7;1
2041;7;0
1968;7;1
6164;7;1
5874;7;1
1882;7;1
2037;7;0
8518;7;1
689;7;0
1885;7;0
8652;7;1
1987;7;0
8556;7;1
1992;7;1
705;7;0
1844;7;1
8697;7;0
5835;7;0
5700;7;1
5698;7;1
8773;7;0
2165;7;0
2164;7;1
6302;7;1
8770;7;1
8767;7;0
5622;7;1
5793;7;0
1841;7;0
2089;7;0
6225;7;0
2128;7;1
583;7;0
5774;7;1
8499;7;0
5808;7;1
592;7;1
555;7;0
5819;7;0
2066;7;1
5827;7;0
1855;7;0
8695;7;0
586;7;1
589;7;0
5820;7;1
560;7;1
2167;7;0
8776;7;1
6030;7;1
5642;7;1
6297;7;0
1810;7;1
5650;7;1
2146;7;1
5665;7;0
8752;7;1
5671;7;0
5579;7;0
6210;7;1
6197;7;0
1996;7;1
6081;7;0
5664;7;1
682;7;1
2158;7;1
6274;7;1
2184;7;1
550;7;1
5586;7;1
2178;7;1
5595;7;0
6315;7;0
5674;7;1
718;7;1
715;7;0
713;7;0
8472;7;1
8743;7;0
5686;7;1
5691;7;0
5628;7;1
6383;7;0
2019;7;0
1907;7;0
1724;7;1
6481;7;0
6477;7;0
5323;7;0
8908;7;1
655;7;0
2198;7;1
5553;7;0
8796;7;1
8442;7;1
6337;7;0
5522;7;1
5550;7;1
5321;7;0
2306;7;1
2307;7;0
8916;7;1
8918;7;1
8905;7;0
6467;7;0
483;7;0
8900;7;1
5343;7;0
544;7;1
5344;7;1
8400;7;1
8907;7;0
761;7;0
1733;7;0
5326;7;1
5315;7;0
6460;7;1
1721;7;0
5472;7;1
6373;7;0
6386;7;1
5531;7;0
6350;7;1
5535;7;0
5445;7;0
8804;7;1
547;7;0
8424;7;1
8845;7;0
8821;7;0
5544;7;1
1784;7;1
5549;7;0
2188;7;1
2189;7;0
6376;7;1
537;7;0
2200;7;1
5483;7;0
525;7;0
5499;7;0
5505;7;0
5510;7;1
518;7;1
1779;7;0
542;7;1
8829;7;0
8816;7;1
1778;7;1
5486;7;1
526;7;1
6362;7;1
5272;7;1
2326;7;1
6502;7;1
5394;7;1
2260;7;1
2261;7;0
8405;7;0
2263;7;0
1745;7;0
5352;7;1
5358;7;1
2286;7;1
6450;7;1
5369;7;0
2272;7;1
2271;7;0
6431;7;0
497;7;0
8873;7;0
561;7;0
618;7;1
6150;7;1
5900;7;1
684;7;1
5883;7;0
5885;7;0
8869;7;0
6145;7;0
2029;7;0
1894;7;1
5891;7;0
617;7;0
5899;7;0
5578;7;1
1888;7;1
5405;7;0
6425;7;0
1761;7;0
466;7;1
5295;7;0
8929;7;0
2315;7;0
8937;7;0
5281;7;0
5349;7;0
8942;7;1
2320;7;1
5255;7;0
5257;7;0
5258;7;1
5261;7;0
5265;7;0
1719;7;0
8628;7;1
5351;7;0
1754;7;1
8857;7;0
511;7;0
2243;7;0
6394;7;1
5434;7;1
5439;7;0
6410;7;1
5426;7;1
1760;7;1
6415;7;0
5577;7;0
2253;7;0
5416;7;1
5419;7;0
6453;7;0
8714;8;1
8713;8;0
9332;8;1
5009;8;0
5011;8;0
5020;8;1
4836;8;1
5022;8;1
2451;8;0
5034;8;1
5036;8;1
4831;8;0
4827;8;0
2441;8;0
4824;8;1
4997;8;0
4815;8;0
2434;8;1
5052;8;1
4801;8;0
2522;8;1
2499;8;0
2465;8;0
2460;8;1
2459;8;0
5054;8;1
5335;8;0
2431;8;0
5067;8;0
5068;8;1
2432;8;1
5073;8;0
2417;8;0
4802;8;1
5060;8;1
4918;8;1
2614;8;1
5611;8;0
5564;8;1
5567;8;0
5570;8;1
5571;8;0
5575;8;0
5638;8;1
5539;8;0
5646;8;1
5652;8;1
4454;8;1
2117;8;0
4439;8;0
4432;8;1
4509;8;0
5562;8;1
2701;8;0
2700;8;1
4492;8;1
5616;8;1
2173;8;0
5620;8;1
4489;8;0
5623;8;0
5608;8;1
2160;8;1
2174;8;1
2704;8;1
5548;8;1
2192;8;1
4523;8;0
4515;8;0
5625;8;0
4876;8;1
2505;8;0
4877;8;0
4746;8;1
5234;8;1
4715;8;0
2592;8;1
5292;8;1
5293;8;0
5296;8;1
2587;8;0
5298;8;1
5311;8;0
5312;8;1
2602;8;1
4682;8;1
2391;8;0
5224;8;1
2567;8;0
4774;8;1
2575;8;0
2348;8;1
5216;8;1
5221;8;0
5222;8;1
2576;8;1
4707;8;0
2377;8;0
2389;8;0
4788;8;1
4786;8;1
5154;8;1
2564;8;1
5164;8;1
5137;8;0
2316;8;1
2317;8;0
4722;8;1
2491;8;0
4975;8;0
4848;8;1
4841;8;0
2535;8;0
2470;8;1
2529;8;0
2468;8;1
4940;8;1
2496;8;1
4930;8;1
4897;8;0
4898;8;1
4902;8;1
4852;8;1
4431;8;0
4969;8;0
4966;8;1
2338;8;1
5238;8;1
4740;8;1
4735;8;0
5271;8;0
2319;8;0
4968;8;1
4727;8;0
4724;8;1
5232;8;1
4681;8;0
2393;8;0
4792;8;1
4957;8;0
5277;8;0
5195;8;0
4456;8;1
2100;8;1
3061;8;0
3444;8;1
7050;8;1
7051;8;0
1430;8;1
7485;8;0
7062;8;1
3690;8;1
7083;8;0
3694;8;1
1415;8;0
3172;8;1
3644;8;1
7064;8;1
3688;8;1
3687;8;0
7067;8;0
5475;8;0
5477;8;0
2220;8;1
4572;8;1
2676;8;1
4567;8;0
1405;8;0
5488;8;1
4885;8;0
3063;8;0
3683;8;0
3685;8;0
3467;8;0
7069;8;0
3931;8;0
2222;8;1
3657;8;0
7103;8;0
1198;8;1
7554;8;1
1468;8;1
3199;8;0
3741;8;0
1487;8;0
3753;8;0
3030;8;1
6944;8;1
6947;8;0
6954;8;1
3409;8;0
3744;8;1
1462;8;1
3728;8;1
3040;8;1
7550;8;1
1407;8;0
3482;8;1
3480;8;1
7085;8;0
1414;8;1
3474;8;1
7456;8;1
7463;8;0
7462;8;1
7095;8;0
3478;8;1
7476;8;1
1431;8;0
1432;8;1
3673;8;0
4579;8;0
2231;8;0
4580;8;1
5649;8;0
4528;8;1
5533;8;0
4611;8;0
4609;8;0
5401;8;0
5402;8;1
5422;8;1
4623;8;0
2247;8;0
2245;8;0
4586;8;1
5442;8;1
5705;8;0
2715;8;0
2714;8;1
4473;8;0
5757;8;0
2094;8;1
4423;8;0
4421;8;0
5752;8;1
5709;8;0
5444;8;1
2144;8;1
4481;8;0
5667;8;0
4479;8;0
2141;8;0
4476;8;1
2138;8;1
5658;8;1
5446;8;1
5425;8;0
5397;8;0
1089;8;0
2678;8;1
2679;8;0
5504;8;1
4548;8;1
2684;8;1
5454;8;1
5519;8;0
2689;8;0
2691;8;0
4532;8;1
4530;8;1
4559;8;0
2217;8;0
5523;8;0
2101;8;0
2236;8;1
5448;8;1
4625;8;0
5336;8;1
2296;8;1
5340;8;1
4659;8;0
5347;8;0
5449;8;0
2290;8;1
2285;8;0
4642;8;1
2281;8;0
5366;8;1
4636;8;1
5379;8;0
5354;8;1
4760;8;1
2354;8;1
5197;8;0
2821;8;0
6099;8;0
1915;8;0
6107;8;0
1908;8;1
1904;8;1
6125;8;0
6126;8;1
4174;8;1
4173;8;0
4171;8;0
6139;8;0
6092;8;1
1891;8;0
6142;8;1
4159;8;0
1858;8;1
6035;8;0
6084;8;1
1975;8;0
1922;8;1
1919;8;0
6149;8;0
6208;8;1
6153;8;0
4167;8;0
6160;8;1
2831;8;0
6178;8;1
1867;8;0
6193;8;0
1884;8;1
6024;8;1
5990;8;1
2057;8;0
4385;8;0
5806;8;1
4379;8;0
5811;8;0
4378;8;1
5829;8;0
4247;8;0
2042;8;1
2039;8;0
2004;8;1
4257;8;0
5944;8;1
4255;8;0
5799;8;0
2076;8;1
2083;8;0
2084;8;1
5847;8;0
2052;8;1
4349;8;0
5849;8;0
5853;8;0
4336;8;1
2793;8;0
4335;8;0
2046;8;1
2050;8;1
5830;8;1
4370;8;1
2088;8;1
5781;8;0
4327;8;0
4213;8;0
4214;8;1
2805;8;0
8735;8;0
218;8;1
9347;8;0
8671;8;0
8670;8;1
8251;8;0
234;8;1
8668;8;1
9402;8;1
8665;8;0
7938;8;1
8655;8;0
8256;8;1
576;8;1
286;8;1
7979;8;0
8726;8;1
9336;8;1
844;8;1
9341;8;0
8709;8;0
580;8;1
7977;8;0
241;8;0
9311;8;0
8747;8;0
570;8;1
301;8;0
297;8;0
8737;8;0
8220;8;1
9273;8;0
601;8;0
837;8;0
8247;8;0
6044;8;1
6067;8;0
1926;8;1
6080;8;1
1925;8;0
4191;8;0
4196;8;1
2810;8;1
4232;8;1
4231;8;0
4225;8;0
4222;8;1
4221;8;0
1960;8;1
6040;8;1
5947;8;0
1934;8;1
1937;8;0
8701;8;0
9351;8;0
9353;8;0
267;8;0
8235;8;0
9355;8;0
6053;8;0
261;8;0
8688;8;1
839;8;0
590;8;1
8950;8;1
1;8;0
1090;8;1
595;8;0
5935;8;0
5969;8;0
5973;8;0
6308;8;1
6316;8;1
4074;8;1
6320;8;1
4093;8;0
1829;8;0
6257;8;0
2845;8;0
1852;8;1
4138;8;1
4135;8;0
4133;8;0
1839;8;0
4083;8;0
6291;8;0
4107;8;0
4095;8;0
6592;8;1
6593;8;0
6594;8;1
1652;8;1
6598;8;1
6604;8;1
6242;8;1
1647;8;0
6214;8;1
4017;8;0
6454;8;1
6280;8;1
4105;8;0
4098;8;1
6572;8;1
4122;8;1
4119;8;0
1742;8;1
2878;8;1
1793;8;0
6334;8;1
6336;8;1
1783;8;0
4057;8;0
4050;8;1
1781;8;0
6366;8;1
6382;8;1
4051;8;0
6327;8;0
2731;8;0
4419;8;0
6364;8;1
6591;8;0
6384;8;1
1751;8;0
1797;8;0
6330;8;1
6396;8;1
6400;8;1
6402;8;1
4035;8;0
1767;8;0
6414;8;1
4033;8;0
6428;8;1
6432;8;1
2895;8;0
2896;8;1
6449;8;0
4042;8;1
1456;8;1
6585;8;0
1669;8;0
4290;8;1
5924;8;1
2011;8;0
2767;8;0
2090;8;1
6212;8;1
6216;8;1
6534;8;1
3974;8;1
6539;8;0
6524;8;1
3972;8;1
2927;8;0
2020;8;1
2774;8;1
4293;8;0
5905;8;0
5974;8;1
1985;8;0
1984;8;1
1983;8;0
4252;8;1
4266;8;1
1686;8;1
2006;8;1
2034;8;1
4307;8;0
5887;8;0
4306;8;1
5890;8;1
2026;8;1
4280;8;1
6559;8;0
2928;8;1
1678;8;1
3950;8;1
3948;8;1
2936;8;1
6609;8;0
1639;8;0
3941;8;0
1672;8;1
6632;8;1
6641;8;0
6621;8;0
2934;8;1
1644;8;1
1646;8;1
3960;8;1
6640;8;1
3958;8;1
4012;8;1
1712;8;1
6550;8;1
3979;8;0
1705;8;0
2920;8;1
2909;8;0
1737;8;0
6517;8;0
6488;8;1
4006;8;1
4005;8;0
4002;8;1
2915;8;0
2916;8;1
3988;8;1
4007;8;0
3893;5;0
6062;9;1
6170;5;1
6464;2;1
6361;2;0
7737;3;0
6458;2;1
7832;3;1
366;3;1
6447;2;0
9094;3;1
1777;2;0
481;3;0
9084;3;1
1100;3;1
8262;3;1
1101;3;0
1102;3;1
7723;3;0
9197;3;0
1114;3;1
499;3;0
7726;3;1
392;3;1
9151;3;0
496;3;1
7738;3;1
1104;3;1
6360;2;1
8266;3;1
1697;2;0
7906;3;1
7884;3;1
8229;3;0
1058;3;1
1750;2;1
9117;3;0
7852;3;1
1049;3;0
9120;3;1
381;3;0
1042;3;1
7870;3;1
6424;2;1
1053;3;0
1772;2;1
7863;3;0
1117;3;0
377;3;0
9130;3;1
1020;3;1
8904;3;1
6436;2;1
6375;2;0
8216;3;1
486;3;1
7928;3;1
8215;3;0
6430;2;1
9095;3;0
7871;3;0
8241;3;0
7930;3;1
6166;2;1
1096;3;1
7750;3;1
424;3;1
8172;3;1
952;3;1
6182;2;1
6620;2;1
930;3;1
8069;3;0
885;3;0
8058;3;1
8926;3;1
1871;2;0
1657;2;0
6184;2;1
8094;3;1
929;3;0
8101;3;0
459;3;0
8118;3;1
8125;3;0
8975;3;0
8974;3;1
437;3;0
8963;3;0
8130;3;1
908;3;1
8131;3;0
8143;3;0
450;3;1
1636;2;1
221;3;0
8165;3;0
8096;3;1
7797;3;0
6204;2;1
7811;3;0
8252;3;1
9169;3;0
7794;3;1
1857;2;0
6271;2;0
838;3;1
9162;3;1
7763;3;0
6536;2;1
7826;3;1
8987;3;0
358;3;1
9173;3;0
932;3;1
8099;3;0
6202;2;1
6597;2;0
9073;3;0
7791;3;0
396;3;1
832;3;1
7767;3;0
6596;2;1
6595;2;0
7788;3;1
7935;3;0
892;3;1
1770;2;1
9700;3;1
9834;3;1
6479;2;0
6484;3;1
6299;2;0
6313;2;0
8659;3;0
9815;3;0
8657;3;0
8711;3;0
6646;5;1
6498;3;1
633;3;0
6599;3;0
6601;3;0
6715;3;0
6744;3;1
6745;3;0
9638;3;1
6521;2;0
6513;2;0
6501;3;0
1583;3;0
1581;3;0
8547;3;0
6753;3;0
8545;3;0
6512;2;1
6293;2;0
6503;3;0
6319;2;0
6511;3;0
9856;3;1
6468;3;1
6473;3;0
6475;3;0
9792;3;1
9860;3;1
6922;2;1
6032;2;1
6565;3;0
8631;3;0
8627;3;0
8720;3;1
1710;3;1
6743;3;0
1883;2;0
6654;2;1
6328;2;1
1720;3;1
6339;2;0
600;3;1
6341;2;0
1747;3;0
8682;3;1
9871;3;0
6417;3;0
6418;3;1
6421;3;0
8;3;0
4;3;1
9643;3;0
1703;2;0
8750;3;1
1625;3;0
9713;3;0
1648;3;1
9715;3;0
8723;3;0
9712;3;1
6389;2;0
68;3;1
9714;3;1
70;3;1
1641;3;0
6390;2;1
1645;3;0
6474;2;1
1769;2;0
1757;2;0
8577;3;0
1620;3;1
6676;3;1
6680;3;1
74;3;1
1611;3;0
6683;3;0
9688;3;1
8745;3;0
1756;2;1
9672;3;1
6711;3;0
6686;3;1
77;3;0
3279;3;0
6652;3;1
1550;3;1
111;3;0
112;3;1
1731;2;0
6796;3;1
1554;3;1
1539;3;0
6787;3;0
8534;3;1
8543;3;0
6531;2;0
6730;3;1
8764;3;1
71;3;0
6776;3;1
1559;3;0
1629;3;0
8603;3;0
6656;3;1
8600;3;1
6713;3;0
1557;3;0
9717;3;0
7214;3;1
9630;3;1
6780;3;1
1561;3;0
6782;3;1
667;3;0
1673;3;0
8936;3;1
6645;2;0
7283;2;0
1132;3;1
7690;3;1
9214;3;1
5672;2;1
8276;3;1
7633;3;0
7632;3;1
814;3;1
9233;3;0
7587;3;0
7678;3;1
1313;2;0
7673;3;0
9216;3;1
9286;3;1
7510;3;1
8351;3;0
7442;3;1
8323;3;0
319;3;0
1150;3;1
7287;2;0
7286;2;1
331;3;0
8286;3;1
335;3;0
7639;3;0
5677;2;0
1175;3;0
7593;3;0
8364;3;1
7439;3;0
8367;3;0
1319;3;0
5711;2;0
7608;3;1
248;3;1
7279;3;0
1315;3;0
7288;3;1
758;3;1
5717;2;0
2120;2;1
505;3;0
7240;2;1
7256;2;1
7229;2;0
7266;2;1
7596;3;1
7261;2;0
7575;3;0
811;3;0
9241;3;0
9234;3;1
7609;3;0
7613;3;0
7617;3;0
7625;3;0
810;3;1
2143;2;0
296;3;1
295;3;0
2756;3;1
7182;2;1
3813;3;0
4273;3;0
3276;3;1
5775;2;0
314;3;1
9272;3;1
9270;3;1
7528;3;1
7539;3;0
504;3;1
1208;3;1
7180;2;1
4990;3;1
2462;3;1
5733;3;0
3807;3;0
4987;3;0
2136;3;1
3809;3;0
2463;3;0
3835;3;0
4318;3;1
2149;3;0
4322;3;1
2147;3;0
2991;3;0
5643;3;0
6936;2;1
7549;3;0
7176;2;1
7469;3;0
2114;2;1
9297;3;0
7475;3;0
7484;3;1
798;3;1
788;3;1
1318;2;1
7573;3;0
8357;3;0
291;3;0
506;3;1
790;3;1
8338;3;1
7512;3;1
8347;3;0
5783;2;0
7551;3;0
7553;3;0
8332;3;1
8699;3;0
7224;2;1
316;3;1
805;3;0
1189;3;0
8865;3;0
7172;2;1
305;3;0
9264;3;1
8113;3;0
1308;3;1
7310;3;1
9052;3;1
8201;3;0
9033;3;0
474;3;1
412;3;1
472;3;1
6255;2;0
9014;3;1
8034;3;1
8923;3;0
418;3;1
8002;3;1
6556;2;1
7701;3;0
9419;3;0
9349;3;0
516;3;1
7376;3;1
6568;2;1
264;3;1
879;3;0
1265;3;0
1264;3;1
6563;2;0
7381;3;0
1683;2;0
6248;2;1
265;3;0
964;3;1
9006;3;1
7999;3;0
6584;2;1
6619;2;0
989;3;0
987;3;0
1631;2;0
6220;2;1
9054;3;1
7940;3;1
8183;3;0
468;3;1
6649;2;0
8161;3;0
995;3;0
7346;3;1
7991;3;0
7978;3;1
860;3;1
8213;3;0
1007;3;0
1688;2;1
855;3;0
403;3;0
856;3;1
7952;3;1
7967;3;0
6224;2;1
6397;3;0
421;3;0
6268;2;1
6230;2;1
7344;3;1
9361;3;0
1662;2;1
7232;3;1
1663;2;0
7233;3;0
7328;3;1
8826;3;1
8414;3;1
236;3;1
8951;3;0
237;3;0
6226;2;1
7250;3;1
751;3;0
8408;3;1
9411;3;0
1341;3;0
251;3;0
4656;2;1
1300;3;1
7320;3;1
7323;3;0
9415;3;0
7324;3;1
1825;2;0
246;3;1
7268;3;1
1323;3;0
245;3;0
8397;3;0
9383;3;0
243;3;0
9366;3;1
281;3;0
8861;3;0
8864;3;1
1243;3;0
8374;3;1
1245;3;0
6579;2;0
7383;3;0
1261;3;0
258;3;1
7340;3;1
8391;3;0
6228;2;1
230;3;1
7408;3;1
275;3;0
1851;2;0
523;3;0
9346;3;1
7386;3;1
9337;3;0
1251;3;0
7387;3;0
1254;3;1
6582;2;1
9329;3;0
8385;3;0
8851;3;0
8846;3;1
9745;3;0
6577;3;0
1670;3;1
9802;4;1
9761;4;0
3353;4;0
3355;4;0
3356;4;1
3351;4;0
6774;2;1
9810;4;1
3280;4;1
9872;4;1
3285;4;0
3342;4;1
9790;4;1
3335;4;0
6057;2;0
9522;4;1
3589;4;0
3596;4;1
9518;4;1
9516;4;1
3289;4;0
3601;4;0
3571;4;0
6759;2;0
9628;4;1
6051;2;0
3470;4;1
3607;4;0
9867;4;0
9862;4;1
6771;2;0
3448;4;1
9634;4;1
1930;2;1
3451;4;0
9678;4;1
3446;4;1
9409;4;0
9692;4;1
6065;2;0
6070;2;1
3376;4;1
9718;4;1
9679;4;0
9527;4;0
3445;4;0
9644;4;1
3301;4;0
9841;4;0
6769;2;0
9811;4;0
9748;4;1
3438;4;1
3358;4;1
9722;4;1
3423;4;0
6061;2;0
9661;4;0
9652;4;1
9747;4;0
6748;2;1
9533;4;0
9534;4;1
6682;2;1
3544;4;1
9552;4;1
3555;4;0
3556;4;1
9563;4;0
3559;4;0
3554;4;1
9569;4;0
9572;4;1
3536;4;1
9622;4;1
9548;4;1
9596;4;1
6136;2;1
8715;4;0
8802;4;1
4394;4;1
8719;4;0
8860;4;1
1898;2;1
6392;4;1
4392;4;1
4292;4;1
8921;4;0
8917;4;0
8836;4;1
4404;4;1
8793;4;0
3382;4;1
3504;4;1
3511;4;0
9474;4;1
3641;4;0
9430;4;1
6094;2;1
3655;4;0
6097;2;0
9423;4;0
3646;4;1
9484;4;1
9512;4;1
9514;4;1
9535;4;0
9421;4;0
1895;2;0
9454;4;1
6141;2;0
3514;4;1
3519;4;0
6679;2;0
9575;4;0
1893;2;0
9463;4;0
3535;4;0
9625;4;0
3569;4;0
6670;2;1
3576;4;1
9467;4;0
3567;4;0
8925;4;0
3390;4;1
3398;4;1
3723;4;0
3695;4;0
9394;4;1
9391;4;0
9389;4;0
9384;4;1
9375;4;0
2506;2;1
9370;4;1
9369;4;0
3720;4;1
877;2;0
2513;2;0
9322;4;1
9320;4;1
9002;4;1
8994;4;1
8954;4;1
9195;4;0
9196;4;1
9362;4;1
9348;4;1
8189;2;0
3762;4;1
3743;4;0
3784;4;1
9321;4;0
9331;4;0
3788;4;1
4916;2;1
8167;2;0
3833;4;0
3829;4;0
9292;4;1
3798;4;1
9287;4;0
3881;4;0
3806;4;1
9284;4;1
893;2;0
9275;4;0
9269;4;0
9268;4;1
9285;4;0
9004;4;1
4932;2;1
3872;4;1
4921;2;0
9293;4;0
3797;4;0
3844;4;1
3846;4;1
9243;4;0
3852;4;1
3861;4;0
3864;4;1
9227;4;0
9218;4;1
3869;4;0
3860;4;1
8132;2;1
9010;4;1
4028;4;1
3991;4;0
9069;4;0
6752;2;1
9135;4;0
9141;4;0
9080;4;1
3938;4;1
3896;4;1
6082;2;1
1579;2;0
9181;4;0
1580;2;1
9182;4;1
3920;4;1
9081;4;0
9128;4;1
244;2;1
3401;4;0
3402;4;1
3407;4;0
9693;4;0
3982;4;1
9690;4;1
9397;4;0
9096;4;1
3966;4;1
9085;4;0
6079;2;0
3679;4;0
3393;4;0
6089;2;0
9168;4;1
8960;4;1
4060;4;1
1231;2;0
3888;4;1
4055;4;0
8961;4;0
5497;2;0
9047;4;0
4020;4;1
9028;4;1
4023;4;0
9013;4;0
4014;4;1
3921;4;0
7446;2;1
8979;4;0
9164;4;1
3928;4;1
9149;4;0
9066;4;1
9053;4;0
8978;4;1
4013;4;0
8991;4;0
8989;4;0
4067;4;0
4070;4;1
4077;4;0
8992;4;1
8749;4;0
8813;4;0
4155;4;0
7137;3;0
9444;3;1
209;3;0
9442;3;1
1358;3;1
9431;3;0
6837;2;0
1966;2;1
1354;3;1
8818;3;1
6004;2;1
6785;2;0
1449;3;0
1396;3;1
1548;2;1
7024;3;1
8488;3;1
6793;2;0
8482;3;1
9549;3;0
746;3;1
709;3;0
8468;3;1
166;3;1
6791;2;0
9603;3;0
8801;3;0
9545;3;0
9426;3;1
8417;3;0
7206;3;1
9478;3;1
1376;3;1
195;3;0
197;3;0
5981;2;0
9481;3;0
9471;3;0
7004;3;1
9539;3;0
9555;3;0
6890;3;1
1497;2;0
9501;3;0
8490;3;1
190;3;1
7144;3;1
219;3;0
5976;2;1
8415;3;0
7198;3;1
8426;3;1
731;3;0
203;3;0
7140;3;1
1388;3;1
5979;2;0
7143;3;0
9487;3;0
737;3;0
6804;2;1
9551;3;0
8783;3;0
9782;3;1
6526;3;1
1701;3;0
41;3;0
6823;2;0
6827;2;0
9771;3;0
1530;2;1
1693;3;0
620;3;1
6547;3;0
1690;3;1
6544;3;1
9756;3;1
8716;3;1
8645;3;0
9737;3;0
1667;3;0
1665;3;0
1664;3;1
1661;3;0
1958;2;1
1660;3;1
9727;3;0
1680;3;1
6814;3;1
1682;3;1
6557;3;0
1959;2;0
6906;2;1
581;3;0
51;3;1
725;3;0
8445;3;0
8441;3;0
1535;2;0
536;3;1
8446;3;1
6016;2;1
9521;3;0
720;3;1
1952;2;1
7058;3;1
7056;3;1
7128;3;1
6819;2;0
7066;3;1
8810;3;1
6817;2;0
1684;3;1
8766;3;1
6778;3;1
9602;3;1
179;3;0
7072;3;1
175;3;0
176;3;1
9525;3;0
1955;2;0
1534;2;1
9526;3;1
6917;3;0
6927;3;0
6934;3;1
4246;4;1
4202;4;1
8945;4;0
4113;4;0
1970;2;1
4244;4;1
4177;4;0
4430;4;1
8941;4;0
8744;4;1
1556;2;1
8705;4;0
8739;4;0
4170;4;1
6859;2;0
8928;4;1
9906;4;1
4237;4;0
9986;4;1
4366;4;1
9918;4;1
8817;4;0
4251;4;0
4124;4;1
9908;4;1
8933;4;0
4374;4;1
4154;4;1
1512;2;1
9931;4;0
4168;4;1
8761;4;0
6111;2;0
6116;2;1
6708;2;1
4271;4;0
4381;4;0
8875;4;0
8876;4;1
8812;4;1
4363;4;0
8794;4;1
6697;2;0
6696;2;1
4323;4;0
4422;4;1
6103;2;0
6102;2;1
4416;4;1
1558;2;1
8807;4;0
6666;2;1
8901;4;0
8746;4;1
6781;2;0
1590;2;1
4193;4;0
8740;4;1
8778;4;1
4388;4;1
6098;2;1
4970;3;1
8741;4;0
6866;2;1
124;3;0
9598;3;1
6832;3;1
9597;3;0
6895;2;0
1523;3;0
6836;3;1
1978;2;1
9594;3;1
8515;3;0
9588;3;1
6884;2;1
6842;3;1
9587;3;0
6829;3;0
6879;3;0
6883;3;0
1486;3;1
1485;3;0
6942;3;1
1480;3;1
6828;3;1
140;3;1
6963;3;0
553;3;0
9576;3;1
6904;2;1
6881;3;0
692;3;1
9981;4;0
6862;3;1
8769;3;0
456;3;1
693;3;0
142;3;1
9948;4;1
4302;4;1
145;3;0
9959;4;0
9892;4;1
4166;4;1
9890;4;1
8822;4;1
9970;4;1
8827;4;0
9582;3;1
8511;3;0
9567;3;0
1474;3;1
6918;3;1
552;3;1
155;3;0
6850;2;1
6871;2;0
5986;2;1
8781;3;0
6994;3;1
9564;3;1
8779;3;0
696;3;1
6874;2;1
3822;4;1
5722;3;1
3005;3;0
5856;2;1
4546;2;1
8578;2;1
7075;2;0
8581;2;0
4295;2;0
8584;2;1
4544;2;1
2060;2;1
2769;2;0
646;2;1
2051;2;0
657;2;0
644;2;1
7082;2;1
4314;2;1
4403;2;0
2692;2;1
634;2;1
5848;2;1
8591;2;0
7084;2;1
4263;2;0
8811;2;0
8573;2;0
8782;2;1
4285;2;0
2690;2;1
2763;2;0
7125;2;0
8597;2;0
4342;2;1
606;2;1
5800;2;1
545;2;0
4333;2;0
4557;2;0
660;2;1
8696;2;1
8599;2;0
2654;2;1
2809;2;0
594;2;1
566;2;1
4234;2;1
2754;2;1
8558;2;1
8753;2;0
4519;2;0
2681;2;0
643;2;0
8609;2;0
8560;2;1
4573;2;0
668;2;1
8604;2;1
8799;2;0
4568;2;1
666;2;1
4539;2;0
631;2;0
8514;2;1
688;2;1
159;2;0
3552;2;1
3549;2;0
9558;2;1
153;2;0
3134;2;1
7113;2;0
9570;2;1
4156;2;1
1765;2;0
8570;2;1
4240;2;1
3545;2;0
636;2;1
3560;2;1
3126;2;1
3487;2;0
119;2;1
1401;2;0
3540;2;1
9399;2;0
3562;2;1
146;2;1
3577;2;0
9538;2;1
9541;2;0
3570;2;1
5834;2;1
3541;2;0
7155;2;0
7112;2;1
8721;2;0
4389;2;0
2696;2;1
8840;2;1
8839;2;0
4527;2;0
8538;2;1
1412;2;1
521;2;0
8837;2;0
2732;2;1
1413;2;0
8623;2;0
8838;2;1
529;2;0
2789;2;0
2748;2;1
8535;2;0
8722;2;1
8536;2;1
5844;2;1
7098;2;1
5846;2;1
4380;2;1
4249;2;0
532;2;1
4254;2;1
8544;2;1
8814;2;1
2670;2;1
5871;2;0
500;2;1
8478;2;1
1949;3;0
9997;3;0
6037;3;0
4477;3;0
9944;3;1
4542;3;1
9879;3;0
5936;2;1
1466;2;1
10000;3;1
3525;3;0
9988;3;1
4540;3;1
9980;3;1
5920;3;1
9957;3;0
6031;3;0
9949;3;0
6045;3;0
5933;2;0
9909;3;0
5932;3;1
6018;3;1
5934;2;1
9966;3;1
6049;3;0
9975;3;0
9962;3;1
6026;3;1
1467;2;0
9901;3;0
3139;3;0
4804;3;1
3118;3;1
4839;3;0
3575;3;0
3537;3;0
2537;3;0
1976;3;1
3098;3;1
5999;3;0
4829;3;0
3117;3;0
2526;3;1
9940;3;1
4803;3;0
3147;3;0
3082;3;1
9899;3;0
6029;3;0
9898;3;1
6041;3;0
2021;3;0
1942;3;1
6020;3;1
6019;3;0
6978;2;1
3160;3;1
5938;2;1
9897;3;0
1950;3;1
9938;3;1
6983;2;0
4502;2;1
1382;2;1
4183;2;0
2706;2;1
4192;2;1
2646;2;1
613;2;0
4499;2;0
4199;2;0
8641;2;0
2721;2;0
8640;2;1
5832;2;1
5810;2;1
7149;2;0
8509;2;0
612;2;1
7153;2;0
1378;2;1
4210;2;1
8473;2;0
2647;2;0
8647;2;0
498;2;1
714;2;1
8507;2;0
4468;2;1
8500;2;1
1380;2;1
593;2;0
710;2;1
5821;2;0
8634;2;1
8870;2;1
8856;2;1
5824;2;1
4470;2;1
8470;2;1
5870;2;1
5873;2;0
4798;3;1
9929;3;0
2013;3;0
9928;3;1
8651;2;0
5816;2;1
8693;2;0
8886;2;1
8648;2;1
8502;2;1
697;2;0
4627;2;0
2067;2;0
515;2;0
605;2;0
5822;2;1
4471;2;0
491;2;0
8463;2;0
7134;2;1
495;2;0
5954;3;1
9599;2;0
3498;2;1
2933;2;0
375;2;0
374;2;1
9143;2;0
369;2;0
9213;2;0
9148;2;1
3936;2;1
3935;2;0
391;2;0
9396;2;1
2931;2;0
3874;2;1
336;2;1
9110;2;1
467;2;0
2848;2;1
2849;2;0
333;2;0
4045;2;0
2917;2;0
8997;2;0
2890;2;1
9083;2;0
3976;2;1
3969;2;0
9098;2;1
8999;2;0
3997;2;0
2892;2;1
4029;2;0
3682;2;1
232;2;1
84;2;0
3411;2;0
3201;2;0
2835;2;0
9695;2;0
3410;2;1
3412;2;1
9709;2;0
3405;2;0
3388;2;1
9696;2;1
2847;2;0
9199;2;0
2912;2;1
9012;2;1
4027;2;0
4021;2;0
9027;2;0
2899;2;0
9072;2;1
2963;2;0
9202;2;1
4015;2;0
4011;2;0
4004;2;1
3877;2;0
9044;2;1
8912;2;1
2842;2;1
8911;2;0
9291;2;0
3012;2;1
9296;2;1
3013;2;0
9310;2;1
3007;2;0
9317;2;0
3781;2;0
279;2;0
278;2;1
9276;2;1
3908;2;1
3018;2;1
3721;2;0
3799;2;0
3808;2;1
3707;2;0
9390;2;1
3056;2;1
3031;2;0
3697;2;0
3003;2;0
253;2;0
3059;2;0
257;2;0
3764;2;1
276;2;1
9326;2;1
3696;2;1
3879;2;0
4110;2;1
2860;2;1
4086;2;1
8934;2;1
4129;2;0
2996;2;1
4153;2;0
3904;2;1
485;2;0
482;2;1
4147;2;0
478;2;1
8906;2;1
4145;2;0
3866;2;1
8947;2;0
3810;2;1
436;2;1
9363;2;0
451;2;0
3727;2;0
4089;2;0
4123;2;0
8993;2;0
9354;2;1
443;2;0
9277;2;0
4085;2;0
2870;2;1
4072;2;1
447;2;0
4649;2;0
3381;2;0
9732;2;1
3097;2;0
3621;2;0
3616;2;1
9510;2;1
3106;2;1
3600;2;1
3593;2;0
9480;2;1
9459;2;0
3635;2;0
9449;2;0
9262;2;1
3623;2;0
3633;2;0
9476;2;1
9798;2;1
3316;2;1
9265;2;0
3228;2;1
9616;2;1
231;2;0
9614;2;1
3827;2;0
3626;2;1
315;2;0
2986;2;1
2978;2;1
9613;2;0
9400;2;1
228;2;1
9253;2;0
9445;2;0
4644;2;1
3587;2;0
3113;2;0
3584;2;1
3083;2;0
3578;2;1
3527;2;0
9573;2;0
3526;2;1
3506;2;1
3165;2;0
8181;2;0
9797;2;0
3081;2;0
9434;2;1
3069;2;0
9250;2;1
3664;2;1
3660;2;1
3656;2;1
2980;2;1
3837;2;0
214;2;1
3839;2;0
3653;2;0
9235;2;0
3651;2;0
9428;2;1
9793;2;0
3331;2;0
3336;2;1
3434;2;1
98;2;1
9179;2;0
3190;2;1
9658;2;1
100;2;0
3194;2;1
3421;2;0
58;2;1
2973;2;0
9742;2;1
3231;2;0
92;2;1
9823;2;0
102;2;1
9180;2;1
9191;2;0
9188;2;1
9734;2;1
3406;2;1
3413;2;0
103;2;1
9674;2;1
3176;2;1
110;2;1
351;2;0
3442;2;1
9640;2;1
3471;2;0
9726;2;1
9827;2;0
3256;2;1
3315;2;0
3357;2;0
3239;2;0
309;2;0
9777;2;0
3253;2;0
46;2;0
44;2;1
43;2;1
42;2;1
310;2;1
9267;2;0
9780;2;1
9228;2;1
9820;2;1
2;2;0
9832;2;1
3851;2;0
3300;2;1
9821;2;0
3296;2;1
9854;2;1
13;2;0
3295;2;0
2990;2;1
3291;2;0
9865;2;0
3273;2;0
3263;2;0
4849;3;0
5983;3;0
5967;3;0
7440;2;1
4044;3;1
7427;2;0
4043;3;0
4037;3;0
7421;2;0
4229;3;0
2396;3;1
5334;3;1
4218;3;1
5285;3;0
2885;3;0
2287;3;0
2881;3;0
5337;3;0
2838;3;1
4109;3;0
2191;2;0
7444;2;1
5159;3;0
5286;3;1
4206;3;1
2874;3;1
4071;3;0
4068;3;1
2879;3;0
1238;2;1
5131;3;0
5287;3;0
5288;3;1
2861;3;0
5538;3;1
2954;3;1
2081;3;0
4429;3;0
4944;3;1
2201;3;0
3749;3;0
5791;3;0
3745;3;0
5784;3;1
3036;3;1
3736;3;1
7396;2;1
1269;2;0
5135;3;0
2867;3;0
2197;2;0
2385;3;0
4090;3;1
2308;3;1
5141;3;0
7377;2;0
5542;2;1
4087;3;0
5324;3;1
2304;3;1
5327;3;0
2302;3;1
5561;2;0
2339;3;0
5185;3;0
2340;3;1
2228;3;1
3946;3;1
2937;3;0
2223;3;0
2216;3;1
4261;3;0
5491;3;0
3947;3;0
5365;3;0
5364;3;1
2843;3;0
4144;3;1
4265;3;0
5249;3;0
3942;3;1
5631;2;0
2633;3;0
5520;3;1
2202;3;1
5050;3;1
2242;3;1
5457;3;0
5059;3;0
5447;3;0
7334;2;1
3955;3;0
7332;2;1
3952;3;1
2785;3;0
4435;3;0
5635;2;0
2374;3;1
4161;3;0
2359;3;0
2829;3;0
2357;3;0
1270;2;1
5196;3;1
4162;3;1
2824;3;1
4164;3;1
5217;3;0
4148;3;1
5228;3;1
5207;3;0
4134;3;1
1272;2;1
4201;3;0
5176;3;1
1297;2;0
2150;2;1
2148;2;1
5175;3;0
4178;3;1
4128;3;1
5267;3;0
2324;3;1
2854;3;1
4117;3;0
2376;3;1
2327;3;0
5044;3;1
3041;3;0
4436;3;1
2768;3;1
4310;3;1
5624;3;1
5653;2;0
2112;2;1
2110;2;1
5737;2;0
5739;2;0
5741;2;0
4316;3;1
1347;2;0
5609;3;0
2172;3;1
7171;2;0
2168;3;1
3699;3;0
3789;3;0
7301;2;0
2475;3;0
3010;3;1
2955;3;0
5027;3;0
3868;3;1
2452;3;1
5601;3;0
7296;2;1
5019;3;0
2969;3;0
4276;3;1
5545;3;0
7205;2;0
2102;2;1
7194;2;1
5681;3;0
5682;3;1
3001;3;0
5004;3;1
2132;3;1
2127;3;0
4351;3;0
4347;3;0
5710;3;1
4353;3;0
5693;3;0
4463;3;0
5634;3;1
4288;3;1
4278;3;1
7203;2;0
3885;3;0
3880;3;1
3873;3;0
5041;3;0
5565;3;0
5581;3;0
5039;3;0
5587;3;0
2445;3;0
5599;3;0
5573;3;0
4459;3;0
5841;3;0
1267;2;0
2483;3;0
5765;3;0
2180;2;1
4401;3;0
3777;3;0
3755;3;0
5776;3;1
5780;3;1
3027;3;0
5761;3;0
4364;3;1
5593;2;0
4414;3;1
2724;3;1
5759;3;0
3020;3;1
5569;2;0
3719;3;0
3045;3;0
2077;3;0
3046;3;1
5753;3;0
3752;3;1
3759;3;0
4956;3;1
5744;3;1
4377;3;0
4955;3;0
2182;2;1
2072;3;1
3715;3;0
4905;3;0
2508;3;1
4465;3;0
3712;3;1
2064;3;1
3049;3;0
5823;3;0
3710;3;1
2175;2;0
2494;3;1
4906;3;1
3053;3;0
2722;3;1
5833;3;0
2509;3;0
2511;3;0
2032;3;1
3672;3;1
2045;3;0
5868;3;1
5869;3;0
3670;3;1
5892;3;1
3680;3;1
5875;3;0
3667;3;0
2036;3;1
3071;3;0
3074;3;1
3669;3;0
5513;3;0
2437;3;0
5511;3;0
2033;2;0
4660;3;1
6369;3;0
6370;3;1
4640;3;1
6379;3;0
2627;3;0
7042;2;1
3293;3;0
3266;3;1
6380;3;1
1802;3;1
1805;3;0
6310;3;1
6301;3;0
6231;3;0
1843;3;0
4605;3;0
3360;3;1
6243;3;0
6385;3;0
6246;3;1
5879;2;0
2659;3;0
1835;3;0
3354;3;1
3352;3;1
2600;3;1
3268;3;1
1434;2;1
3281;3;0
5919;2;0
6987;2;0
3255;3;0
1787;3;0
6354;3;1
4634;3;1
4635;3;0
1935;3;0
7009;2;0
3373;3;0
3186;3;1
6112;3;1
1782;3;1
2038;2;1
7038;2;1
6335;3;0
3272;3;1
2637;3;0
3307;3;0
1848;3;1
3309;3;0
2619;3;0
2639;3;0
3314;3;1
6324;3;1
6326;3;1
4631;3;0
6333;3;0
4629;3;0
2603;3;0
6270;3;1
4686;3;1
6015;3;0
5956;2;1
5959;2;0
4887;3;0
3143;3;0
6014;3;1
3627;3;0
4888;3;1
4875;3;0
3132;3;1
6949;2;0
3548;3;1
3632;3;1
4867;3;0
6966;2;1
5943;3;0
5970;3;1
3588;3;1
4526;3;1
5977;3;0
4517;3;0
6001;3;0
6967;2;0
3609;3;0
5963;3;0
3114;3;1
3615;3;0
1953;3;0
3105;3;0
4553;3;0
2544;3;1
1991;2;0
1460;2;1
3345;3;0
4680;3;1
1827;3;0
1821;3;0
4622;3;1
4675;3;0
2008;2;1
6283;3;0
6286;3;1
3323;3;0
6278;3;1
6279;3;0
4537;3;0
2651;3;0
4787;3;0
4825;3;0
4822;3;1
3096;3;1
6006;3;1
3622;3;1
6272;3;1
1963;3;0
6012;3;1
4511;3;0
4510;3;1
1974;3;1
5192;3;1
1484;2;1
6124;3;1
6128;3;1
2016;2;1
2918;3;1
2250;3;1
2169;2;0
2249;3;0
5423;3;0
4235;3;0
1279;2;0
7352;2;1
2925;3;0
5081;3;0
3980;3;1
2163;2;0
2419;3;0
3968;3;1
2414;3;1
2798;3;1
6177;3;0
7369;2;0
6185;3;0
6189;3;0
4590;3;1
3996;3;1
2022;3;1
2025;3;0
5098;3;1
3999;3;0
5396;3;1
5097;3;0
2498;3;1
4588;3;1
2159;2;0
7337;2;0
4019;3;0
2894;3;1
4248;3;1
2944;3;1
2782;3;1
2408;3;1
5495;3;0
3923;3;0
2210;3;1
5500;3;1
5502;3;1
3932;3;1
7336;2;1
5392;3;1
5383;3;0
5100;3;1
5386;3;1
2401;3;0
2274;3;1
2402;3;1
5374;3;1
4010;3;1
2269;3;0
4003;3;0
5107;3;0
4233;3;0
5376;3;1
5102;3;1
5109;3;0
4359;3;0
6175;3;0
6174;3;1
4782;3;1
4543;3;0
3495;3;0
2080;2;1
2566;3;1
2010;2;1
4772;3;1
3473;3;0
3458;3;1
4762;3;1
1918;3;1
7170;2;1
6083;3;0
3424;3;1
3502;3;1
6998;2;1
7006;2;1
1451;2;0
1911;3;0
6130;3;1
6132;3;1
6108;3;1
6134;3;1
4736;3;1
6140;3;1
3188;3;1
1912;3;1
6110;3;1
1896;3;1
4582;3;1
1892;3;1
1890;3;1
7373;2;0
4594;3;1
1861;3;0
6227;3;0
6195;3;0
3225;3;0
1889;3;0
4718;3;1
1877;3;0
7371;2;0
3420;3;1
3197;3;0
6159;3;0
2675;3;0
4699;3;0
3377;3;0
3408;3;1
2590;3;1
3205;3;0
6940;2;1
4591;3;0
3375;3;0
2591;3;0
3212;3;1
2171;2;0
2666;3;1
6206;3;1
3221;3;0
5651;2;0
3831;4;0
6071;2;0
4884;4;1
8158;5;1
1995;5;0
5256;5;1
7501;2;0
4601;5;0
7271;5;0
4599;5;0
9237;5;0
4596;5;1
5356;5;1
4330;5;1
5778;5;1
5443;5;0
2667;5;0
1538;5;1
8013;5;0
8955;5;0
4317;5;0
1988;5;1
1459;5;0
5795;5;0
2239;5;0
2095;5;0
4652;5;1
7044;5;1
340;5;1
5964;5;1
1536;5;1
5957;5;0
2078;5;1
2087;5;0
1223;2;0
8855;5;0
2655;5;0
330;5;1
587;5;0
7039;5;0
7480;2;1
9261;5;0
2687;5;0
4440;5;1
470;5;1
7478;2;1
2685;5;0
5467;2;0
5492;2;1
8707;5;0
5478;2;1
2660;5;1
2333;5;0
979;5;0
2085;5;0
7486;2;1
8007;5;0
2650;5;1
2240;5;1
4618;5;1
1479;5;0
4617;5;0
8006;5;1
2341;5;0
2764;5;1
1994;5;1
8026;2;1
6788;5;1
2752;5;1
5384;2;1
2323;5;0
271;5;0
2001;5;0
4552;5;1
9247;5;0
4566;5;1
5949;5;0
9239;5;0
5817;5;0
7536;2;1
507;5;0
8944;5;1
4565;5;0
5353;2;0
4571;5;0
2680;5;1
457;5;0
1551;5;0
1136;2;1
4348;5;1
985;5;0
509;5;0
8683;5;0
1169;2;0
7611;2;0
8871;5;0
7525;2;0
8001;5;0
7519;2;0
5772;5;1
4638;5;1
5773;5;0
2640;5;1
2638;5;1
2760;5;1
7518;2;1
4646;5;1
2230;2;1
2642;5;1
8952;5;1
6807;5;0
9249;5;0
2636;5;1
8230;5;1
6957;5;0
8684;5;1
8271;5;0
4555;5;0
8613;5;0
6809;5;0
8686;5;1
2075;5;0
5453;2;0
2761;5;0
4645;5;0
454;5;1
5385;5;0
2726;5;1
8649;5;0
1575;5;0
7567;2;0
2697;5;0
2751;5;0
891;5;0
2318;5;1
990;5;1
4355;5;0
5427;2;0
7293;5;0
9266;5;1
1192;2;1
8681;5;0
5906;5;1
5414;5;1
8897;5;0
7570;2;1
8620;5;1
9274;5;1
2746;5;1
2702;5;1
1182;2;1
8672;5;1
5417;2;0
9280;5;1
5842;5;1
5428;2;1
1185;2;0
1565;5;0
5840;5;1
8617;5;0
6728;5;1
8678;5;1
4472;5;1
4376;5;1
5865;5;0
2265;5;0
6768;5;1
1111;2;0
7354;5;1
2710;5;1
9294;5;1
2053;5;0
298;5;1
628;5;1
7730;2;1
2750;5;1
288;5;1
2254;5;1
1444;5;1
5831;5;0
7561;2;0
5291;5;0
6766;5;1
7966;5;1
1194;2;1
7557;2;0
2313;5;0
287;5;0
5859;5;0
833;5;0
2707;5;0
5953;5;0
5406;2;1
9304;5;1
993;5;0
4450;5;1
609;5;0
5435;2;0
7585;2;0
6762;5;1
5877;5;0
5310;5;1
1570;5;1
2295;5;0
2256;5;1
4393;5;0
1592;5;1
4410;5;1
7984;5;1
7542;2;1
996;5;1
5308;5;1
4382;5;1
895;5;0
2237;2;0
1299;5;0
5307;5;0
7980;5;1
9335;5;0
6979;5;0
5300;5;1
7985;5;0
493;5;0
831;5;0
5898;5;1
6746;5;1
2297;5;0
7588;2;1
2257;5;0
6739;5;0
5317;5;0
9319;5;0
4390;5;1
5333;5;0
4420;5;1
6975;5;0
5894;5;1
5399;5;0
7969;5;0
9324;5;1
2309;5;0
1179;2;0
5391;2;0
2258;2;1
903;5;0
5903;5;0
8135;5;0
284;5;1
1177;2;0
2736;5;1
2300;5;1
5329;5;0
8637;5;0
4411;5;0
5387;5;0
6775;5;0
1134;2;1
5431;5;0
5071;2;0
2765;4;0
1759;4;0
3241;4;0
2266;2;1
1758;4;1
7657;2;0
2211;4;0
432;4;1
793;4;0
1421;4;0
1193;4;0
2194;4;1
2869;4;0
198;4;1
2682;4;1
1023;4;0
1921;4;0
2673;4;0
1545;4;0
2213;4;0
2882;4;1
2070;4;1
2876;4;1
321;4;0
1549;4;0
984;4;1
192;4;1
2282;2;1
1124;4;1
1734;4;1
766;4;1
744;4;1
1729;4;0
2205;4;0
3247;4;0
5367;2;0
7637;2;0
1098;4;1
1762;4;1
3245;4;0
1728;4;1
7636;2;1
14;4;0
669;4;0
1764;4;1
1149;2;0
2215;4;0
3238;4;1
7652;2;1
3237;4;0
462;4;1
3252;4;1
936;4;1
7651;2;0
915;4;0
8692;4;1
894;4;1
7645;2;0
3235;4;0
1237;4;0
2695;4;0
1563;4;0
677;4;0
8355;2;0
2901;4;0
2898;4;1
2079;4;0
978;4;1
676;4;1
1321;4;0
1623;4;0
2096;4;1
1899;4;0
152;4;1
2574;2;1
4765;2;0
4752;2;1
2091;4;0
2012;4;1
2791;4;0
1601;4;0
2018;4;1
300;4;1
1624;4;1
302;4;1
173;4;1
804;2;1
8358;2;1
1901;4;0
2632;4;1
8359;2;0
1445;4;0
2940;4;1
2115;4;0
201;4;0
1552;4;1
1927;4;0
2063;4;0
2686;4;1
2688;4;1
308;4;1
8031;2;0
1306;4;1
1929;4;0
2698;4;1
2699;4;0
202;4;1
348;4;1
8032;2;1
2887;4;0
157;4;0
2097;4;0
2609;4;0
4768;2;1
2103;4;0
2068;4;1
2099;4;0
2615;4;0
2622;4;1
1317;4;0
2889;4;0
4771;2;0
168;4;1
2405;4;0
5368;2;1
460;4;1
534;4;1
2412;4;1
492;4;1
1455;4;0
7713;2;0
7721;2;0
7370;5;1
2301;2;0
4334;5;1
5328;2;1
9920;5;1
591;5;0
7710;2;1
9963;5;0
480;4;1
1088;4;1
2426;4;1
3150;4;1
1714;4;1
3149;4;0
5319;2;0
5;4;0
5320;2;1
2196;4;1
778;4;1
2262;4;1
1408;4;1
2275;4;0
3141;4;0
535;4;0
4574;5;1
8948;5;1
5346;2;1
9886;5;1
1133;2;0
9956;5;1
7275;5;0
7274;5;1
9889;5;0
9974;5;1
981;5;0
9976;5;1
918;5;1
1543;5;0
4581;5;0
5345;2;0
9971;5;0
9888;5;1
2292;2;1
9900;5;1
5259;5;0
9985;5;0
842;5;1
8698;5;1
1130;2;1
9969;5;0
2671;5;0
9973;5;0
1998;5;1
588;5;1
7682;2;1
5803;5;0
5342;2;1
5360;2;1
2342;4;1
1084;4;1
23;4;0
513;4;0
923;4;0
1116;4;1
2252;4;1
7631;2;0
31;4;0
1749;4;0
2251;4;0
503;4;0
1119;4;0
2378;4;1
1481;4;0
2429;4;0
1105;4;0
1744;4;1
925;4;0
2226;4;1
2351;4;0
448;4;1
1743;4;0
3191;4;0
5371;2;0
2227;4;0
1426;4;1
1086;4;1
28;4;1
2427;4;0
1696;4;1
2375;4;0
1164;2;1
1166;2;1
3152;4;1
2283;2;0
2284;2;1
1695;4;0
2278;4;1
416;4;1
777;4;0
3145;4;0
2273;4;0
799;4;0
1677;4;0
3175;4;0
2362;4;1
926;4;1
7628;2;1
2268;2;1
1161;2;0
1163;2;0
3178;4;1
3184;4;1
20;4;1
455;4;0
19;4;1
764;4;1
3182;4;1
522;4;1
2371;4;0
2742;4;1
7735;2;0
293;5;0
1344;5;1
2565;5;0
2559;5;0
5688;5;1
4795;5;0
5482;5;1
2545;5;0
4823;5;0
8210;5;1
4820;5;1
4819;5;0
5694;5;1
9157;5;0
7853;2;0
4779;5;0
5181;5;0
6841;5;0
6840;5;1
7796;2;1
9153;5;0
4818;5;1
4784;5;1
7856;2;1
8033;5;0
2129;5;0
928;5;1
1060;2;1
2219;5;0
5191;2;0
5172;5;1
7850;2;1
1826;5;1
9999;2;0
1172;5;1
7844;2;1
8328;5;1
1055;5;0
8329;5;0
9964;2;1
7603;5;0
6611;5;0
3704;5;1
9681;5;0
3054;5;1
8751;5;0
1054;2;1
782;5;1
4773;5;0
858;5;1
888;5;1
9140;5;1
5678;5;1
826;5;1
5198;2;1
2558;5;1
4797;5;0
4796;5;1
6847;5;0
6909;5;0
5687;5;0
863;5;0
2539;5;0
5297;2;0
4695;5;0
1330;5;1
890;5;1
848;5;1
9160;5;1
2109;5;0
9159;5;0
4847;5;0
4315;5;0
5264;2;1
1094;2;1
5494;5;1
8754;5;1
9125;5;0
5735;5;0
4702;5;1
4714;5;1
4713;5;0
4712;5;1
2116;5;1
4710;5;1
6943;5;0
9193;5;0
363;5;0
7776;2;1
2346;5;1
7775;2;0
2345;5;0
4706;5;1
3701;5;0
4842;5;1
1515;5;0
1366;5;1
5648;5;1
7745;2;0
1490;5;1
5150;5;1
4871;5;0
4865;5;0
5275;2;0
4858;5;1
528;5;1
4855;5;0
9121;5;0
8755;5;0
5163;5;0
5273;2;0
378;5;1
5661;5;0
7803;2;0
9133;5;0
5663;5;0
7070;5;1
2321;2;0
2538;5;1
372;5;1
5269;2;0
8830;5;1
5270;2;1
5655;5;0
966;5;1
7842;2;1
7605;5;0
9954;2;1
7825;2;0
6305;5;0
3652;5;1
3078;5;1
803;5;0
8333;5;0
6603;5;0
9646;5;1
101;5;0
9580;5;1
9581;5;0
5237;2;0
9982;2;1
9952;2;1
6309;5;0
3643;5;0
6298;5;1
3668;5;1
1649;5;0
3072;5;1
7624;5;1
1068;2;1
3662;5;1
3659;5;0
3658;5;1
1650;5;1
9885;2;0
3640;5;1
9703;5;0
3067;5;0
9584;5;1
2964;5;1
9561;5;0
2943;5;0
6158;5;1
7509;5;0
7816;2;1
7880;5;1
2947;5;0
6648;5;1
9902;2;1
687;5;0
148;5;1
6169;5;0
6162;5;1
1870;5;1
3891;5;0
7529;5;0
1869;5;0
1072;2;1
7527;5;0
7530;5;1
7876;5;1
3890;5;1
7534;5;1
2975;5;0
6192;5;1
1204;5;1
130;5;1
9903;2;0
7535;5;0
8729;5;0
3671;5;0
6312;5;1
9881;2;0
3748;5;1
6254;5;1
2350;2;1
1832;5;1
97;5;0
7586;5;1
3726;5;1
7592;5;1
7589;5;0
3735;5;0
9914;2;1
1180;5;1
3038;5;1
1047;5;0
6252;5;1
6288;5;1
83;5;0
82;5;1
1167;5;0
9677;5;0
7582;5;1
2358;2;1
6267;5;0
6266;5;1
8484;5;1
6250;5;1
3754;5;1
1830;5;1
7830;2;1
3739;5;0
3742;5;1
6322;5;1
3101;5;0
8449;5;0
6329;5;0
3608;5;1
8457;5;0
9721;5;0
3603;5;0
8444;5;1
7829;5;0
8451;5;0
1156;5;1
3604;5;1
9656;5;1
8452;5;1
8456;5;1
3035;5;0
7614;5;1
7813;2;0
9994;2;1
3066;5;1
73;5;0
3086;5;1
3088;5;1
8334;5;1
9710;5;1
7634;5;1
5213;2;0
3087;5;0
5930;5;1
8019;5;0
8727;5;0
4922;5;1
6873;5;0
1034;2;1
5177;2;0
2503;5;0
7882;2;1
9087;5;0
4913;5;0
4912;5;1
559;5;0
7875;2;0
4926;5;1
1031;2;0
556;5;1
9089;5;0
2390;5;1
5503;5;0
4891;5;0
4886;5;1
427;5;0
2368;2;1
7897;2;0
429;5;0
9103;5;0
8049;5;0
7150;5;1
4903;5;0
428;5;1
8762;5;1
5626;5;1
7156;5;1
976;2;1
1400;5;1
5023;5;0
977;2;0
5568;5;1
8022;2;1
415;5;0
8786;5;1
953;5;0
9034;5;1
2416;5;1
1495;5;0
2187;5;0
9097;5;0
6920;5;1
5083;5;0
2367;2;0
871;5;0
7944;2;1
5591;5;0
5590;5;1
9036;5;1
6898;5;1
2398;2;1
5031;5;0
876;5;1
7121;5;0
8000;2;1
1409;5;0
384;5;1
5630;5;1
7162;5;1
5117;5;0
2486;5;1
4947;5;0
8057;5;0
2489;5;0
2485;5;0
8055;5;0
5604;5;1
9877;5;0
2493;5;0
5119;5;0
5120;5;1
9075;5;0
5607;5;0
2388;2;1
1527;5;0
2098;5;1
292;5;1
6772;5;1
289;5;0
5125;2;0
5132;2;1
8270;5;1
2392;2;1
6993;5;0
5845;5;0
7933;2;0
2238;5;1
4485;5;0
8795;5;0
4933;5;0
5124;5;1
5173;2;0
869;5;0
2480;5;1
2481;5;0
1386;5;1
554;5;1
8819;5;0
5126;5;1
5509;5;0
7160;5;1
6863;5;0
5134;5;1
2176;5;1
5514;5;1
2400;5;1
5518;5;1
4950;5;1
2207;5;0
422;5;1
1019;2;0
5114;5;1
5110;5;1
400;5;1
5158;2;1
7900;2;1
2404;5;1
4961;5;0
9007;5;0
9068;5;1
5064;5;1
9018;5;1
8076;5;1
5212;5;1
8733;5;0
5214;5;1
7950;2;1
445;5;0
2118;5;1
7948;2;1
6835;5;0
2399;2;0
7868;2;1
4766;5;1
2570;5;1
7057;5;0
1488;5;1
5718;5;1
5210;5;1
5644;5;1
4739;5;0
5206;5;1
2353;5;0
4738;5;1
7957;2;0
4737;5;0
7983;2;0
1522;5;1
5104;2;1
4729;5;0
1337;5;0
6834;5;1
9106;5;1
2571;5;0
2573;5;0
5227;5;0
4677;5;0
2613;5;0
578;5;1
9207;5;0
2610;5;1
849;5;0
2332;2;1
4667;5;0
4666;5;1
2329;2;0
2618;5;1
4669;5;0
5474;5;1
1529;5;0
2606;5;1
5189;2;0
5190;2;1
4755;5;0
360;5;1
359;5;0
5456;5;1
5703;5;0
6937;5;0
5462;5;1
8020;5;1
2347;5;0
5253;2;0
2577;5;0
2107;5;0
5145;5;0
548;5;1
5015;5;0
2415;5;0
5014;5;1
9011;5;0
9009;5;0
9031;5;0
9050;5;1
7132;5;1
4985;5;0
7091;5;0
8009;2;0
4984;5;1
2181;5;0
407;5;0
540;5;1
1403;5;0
5057;5;0
541;5;0
5070;5;1
948;5;1
9023;5;0
2440;5;1
7111;5;0
8071;5;0
9016;5;1
5537;5;0
8068;5;1
8798;5;1
5075;2;0
5001;5;0
2407;5;0
983;2;0
2456;5;1
5576;5;1
2409;2;0
2457;5;0
7169;5;0
7771;5;0
954;5;1
7129;5;0
5095;5;0
9046;5;1
4996;5;1
7092;5;1
4999;5;0
5080;2;1
5008;5;1
5012;5;1
4982;5;1
1503;5;0
5094;2;1
4978;5;1
5521;5;0
1399;5;0
1005;2;0
5589;5;0
7995;2;0
9048;5;1
5582;5;1
5013;5;0
9060;5;1
2794;4;1
2208;4;1
2017;4;0
4989;2;0
4821;4;0
8255;4;0
4828;4;1
8173;4;0
4909;4;0
8103;2;0
4915;4;0
8102;2;1
8166;4;1
4924;4;1
8372;4;1
8375;4;0
8383;4;0
4709;4;0
4720;4;1
4685;4;0
8413;4;0
8114;2;1
4693;4;0
4927;4;0
8407;4;0
4983;2;0
8107;2;0
4700;4;1
4701;4;0
4705;4;0
8401;4;0
4744;4;1
8153;4;0
4938;4;1
8224;4;1
4893;4;0
8195;4;0
4861;2;0
4946;4;1
8233;2;0
8419;4;0
8630;4;1
4521;4;0
8625;4;0
4529;4;0
8228;4;1
4857;4;0
4846;4;1
4684;4;1
4992;2;1
4994;2;1
4943;4;0
8138;4;1
8177;4;0
8151;4;0
8187;4;0
8254;4;1
4830;4;1
933;2;0
8245;4;0
4843;4;0
4904;4;1
2471;2;0
4816;4;1
917;2;0
2433;2;0
6144;4;1
6146;4;1
6151;4;0
6113;4;0
6719;4;0
6726;4;1
6731;4;0
6795;4;0
6790;4;1
6789;4;0
6665;4;0
6669;4;0
6673;4;0
6691;4;0
5962;4;1
6948;4;1
6921;4;0
6811;4;0
6802;4;1
6060;4;1
5042;2;1
6118;4;1
6122;4;1
6700;4;1
6698;4;1
6692;4;1
6800;4;1
6764;4;1
6155;4;0
6063;4;0
8339;4;0
4952;2;1
4958;2;1
4964;2;1
8326;4;1
920;2;1
8322;4;1
8299;4;0
916;2;1
4810;4;1
8273;4;0
4813;4;0
8124;2;1
8610;4;1
8348;4;1
8350;4;1
6754;4;1
6751;4;0
6747;4;0
8037;2;0
5065;2;0
4757;4;0
6736;4;1
5005;2;0
937;2;0
7507;4;0
2461;2;0
5461;4;0
6761;4;0
5961;4;0
4538;4;1
1228;2;1
5203;4;0
7839;4;0
5208;4;1
5209;4;0
5211;4;0
2589;2;0
5219;4;0
5220;4;1
5223;4;0
7828;4;1
5229;4;0
5236;4;1
8384;2;1
7792;4;1
5338;4;1
5266;4;1
4704;2;1
5279;4;0
7744;4;1
5309;4;0
5235;4;0
8388;2;1
7725;4;0
7724;4;1
5331;4;0
769;2;0
7700;4;1
5314;4;1
5254;4;1
774;2;1
775;2;0
7590;4;1
7599;4;0
7604;4;1
2612;2;1
7664;4;1
7662;4;1
7653;4;0
5362;4;1
5363;4;0
5201;4;0
7642;4;1
5404;4;1
7520;4;1
5455;4;0
7522;4;1
7817;4;0
7691;4;0
7679;4;0
2608;2;1
5415;4;0
7820;4;1
7569;4;0
749;2;0
5430;4;1
5433;4;0
5440;4;1
7546;4;1
5424;4;1
8134;4;1
8395;2;0
8137;4;0
8663;4;0
8653;4;0
4688;2;1
4697;2;0
8646;4;1
4501;4;0
8644;4;1
8639;4;0
757;2;0
8554;4;1
8548;4;1
4466;4;1
4464;4;1
752;2;1
4460;4;1
8590;4;1
8589;4;0
4545;4;0
8572;4;1
4549;4;0
4630;4;1
8571;4;0
8564;4;1
2607;2;0
4512;4;1
4506;4;1
8675;4;0
8636;4;1
8471;4;0
4641;4;0
4643;4;0
8527;4;0
8524;4;1
8421;4;0
4595;4;0
4608;4;1
8532;4;1
4610;4;1
4616;4;1
4621;4;0
8510;4;1
8513;4;0
5463;4;0
4613;4;0
8608;4;1
4592;4;1
8495;4;0
8458;4;1
4647;4;0
4654;4;1
789;2;0
4658;4;1
8533;4;0
759;2;0
4664;4;1
8423;4;0
8493;4;0
4628;4;1
8494;4;1
8433;4;0
5372;4;1
8050;2;1
6972;4;1
7404;4;1
7402;4;1
5560;4;1
7388;4;1
5572;4;1
5580;4;1
4874;2;1
7384;4;1
5585;4;0
7380;4;1
5526;4;1
4870;2;1
5546;4;1
7417;4;0
5527;4;0
7080;4;1
5864;4;1
8221;2;0
7074;4;1
7060;4;1
5594;4;1
7059;4;0
5878;4;1
7076;4;1
8218;2;1
852;2;1
7228;4;1
7055;4;0
5738;4;1
7432;4;1
7505;4;0
7252;4;1
5689;4;0
5692;4;1
865;2;0
5701;4;0
7248;4;1
5708;4;1
8200;2;1
7241;4;0
5712;4;1
5716;4;1
7368;4;1
7374;4;1
5596;4;1
7433;4;0
5469;4;0
859;2;0
7498;4;1
5479;4;0
5480;4;1
5515;4;0
5484;4;1
8196;2;1
8212;2;1
5496;4;1
8207;2;0
7451;4;0
5489;4;0
5852;4;1
5851;4;0
7081;4;0
5779;4;0
7179;4;0
7212;4;1
5742;4;1
5749;4;0
7201;4;0
5750;4;1
5754;4;1
5762;4;1
5764;4;1
2492;2;1
5836;4;1
8149;2;0
7175;4;0
7119;4;0
8691;4;0
7173;4;0
5785;4;0
7168;4;1
7164;4;1
8139;2;0
7152;4;1
5794;4;1
7147;4;0
5809;4;0
7142;4;1
7131;4;0
5792;4;1
4948;2;1
2484;2;1
5771;4;0
5911;4;0
4864;2;1
7010;4;1
8227;2;0
5923;4;0
7026;4;1
8225;2;0
5881;4;0
7047;4;0
7099;4;0
7090;4;1
7088;4;1
7046;4;1
7237;4;0
857;2;0
5893;4;0
7186;4;1
5777;4;0
5837;4;0
7102;4;1
7100;4;1
5897;4;0
874;2;1
8192;2;1
4899;2;0
5888;4;1
5889;4;0
7027;4;0
5884;4;1
5951;4;0
867;2;0
5726;4;1
6282;4;1
2447;2;0
6295;4;0
6296;4;1
6300;4;1
6509;4;0
6163;4;0
6311;4;0
6321;4;0
6325;4;0
6491;4;0
6345;4;0
6480;4;1
6478;4;1
6348;4;1
6443;4;0
8078;2;1
6442;4;1
6377;4;0
6435;4;0
6485;4;0
6412;4;1
6388;4;1
6408;4;1
6407;4;0
5026;2;1
6403;4;0
6411;4;0
6455;4;0
5032;2;1
6492;4;1
6820;4;1
5984;4;1
6815;4;0
6912;4;1
5965;4;0
8054;2;1
6981;4;0
6980;4;1
5937;4;0
8051;2;0
5939;4;0
6826;4;1
6010;4;1
6009;4;0
6008;4;1
2444;2;1
6658;4;1
2443;2;0
5985;4;0
5992;4;1
6483;4;0
5997;4;0
6854;4;1
6844;4;1
6005;4;0
956;2;1
6838;4;1
6857;4;0
5017;2;0
6472;4;1
6519;4;0
7311;4;0
7297;4;0
5657;4;0
7330;4;1
5466;4;1
5925;4;0
6991;4;0
6581;4;0
6576;4;1
6573;4;0
6571;4;0
7313;4;0
7316;4;1
7325;4;0
8197;2;0
5684;4;1
7260;4;1
5680;4;1
5675;4;0
8199;2;0
8088;2;1
7356;4;1
5603;4;0
5614;4;1
7343;4;0
5619;4;0
7339;4;0
8198;2;1
6567;4;0
6238;4;1
6239;4;0
6618;4;1
6607;4;0
6186;4;1
6188;4;1
6606;4;1
6624;4;1
6196;4;1
6201;4;0
6590;4;1
6588;4;1
6275;4;0
6277;4;0
6199;4;0
5721;4;0
6638;4;1
6168;4;1
6240;4;1
6249;4;0
6551;4;0
6256;4;1
6548;4;1
8080;2;1
6546;4;1
6538;4;1
6586;4;1
6205;4;0
941;2;0
6657;4;0
6215;4;0
5373;4;0
8455;4;0
7626;4;1
2563;4;0
8292;2;1
2551;2;0
827;2;0
818;4;1
2971;4;0
571;4;0
699;4;0
1343;4;0
821;2;0
968;4;1
2981;4;0
1859;4;0
2582;4;1
4800;2;1
8307;2;0
2119;4;0
362;4;1
1336;4;1
568;4;1
1521;4;0
2983;4;0
2982;4;1
695;4;0
2960;4;1
2974;4;1
352;4;1
1502;4;1
719;4;0
3079;4;0
1155;4;0
1806;4;1
3077;4;0
1065;4;0
2541;2;0
880;4;1
1785;4;0
801;4;0
8312;2;1
4826;2;1
1800;4;1
2517;4;0
708;4;1
2185;4;0
69;4;0
409;4;0
1148;4;1
830;2;1
2458;4;1
1501;4;0
1796;4;1
3094;4;1
3120;4;1
2123;4;0
1634;4;1
2998;4;1
116;4;1
862;4;1
2548;4;1
1637;4;0
2550;4;1
2999;4;0
3014;4;1
113;4;1
373;4;0
1045;4;0
1846;4;1
1359;4;0
4717;2;0
5087;4;0
6628;4;1
4845;2;0
4783;2;0
9878;4;1
2530;4;1
3011;4;0
2533;4;0
564;4;1
1989;4;0
2155;4;0
2154;4;1
2153;4;0
1364;4;1
4793;2;0
2985;4;0
2580;4;1
1840;4;1
357;4;0
1210;4;1
2125;4;0
2124;4;1
138;4;1
1209;4;0
2581;4;0
1187;4;0
2528;4;1
99;4;0
3025;4;0
4789;2;0
1368;4;1
8315;2;0
815;4;0
8319;2;0
563;4;0
706;4;1
2527;4;0
1367;4;0
5111;4;0
835;2;0
2186;4;1
604;4;1
2031;4;0
2723;4;0
1943;4;0
1607;4;0
1573;4;0
8363;2;0
1294;4;1
1015;4;0
1301;4;0
2839;4;0
2048;4;1
1246;4;1
1957;4;0
225;4;0
1013;4;0
282;4;1
2719;4;0
2733;4;0
2807;4;0
1292;4;1
285;4;0
1021;4;0
2811;4;0
4747;2;0
2806;4;1
621;4;0
824;4;1
2749;4;0
2788;4;1
229;4;0
254;4;1
1602;4;1
650;4;1
1255;4;0
630;4;1
1591;4;0
233;4;0
4733;2;0
2759;4;0
1275;4;0
2781;4;0
1977;4;0
1979;4;0
2755;4;0
256;4;1
1277;4;0
2757;4;0
2758;4;1
1997;4;0
1000;4;1
1982;4;1
414;4;1
4725;2;0
616;4;1
1822;4;1
8325;2;0
1816;4;1
1823;4;0
93;4;0
2500;4;1
2501;4;0
4778;2;1
813;4;0
2166;4;1
2495;4;0
89;4;0
1159;4;0
1143;4;0
546;4;1
8248;2;1
840;2;1
2514;4;1
2449;4;0
875;4;0
2442;4;1
1510;4;1
1158;4;1
1792;4;1
1372;4;1
807;4;0
4775;2;0
2482;4;1
1168;4;1
3065;4;0
151;4;0
398;4;1
2584;4;1
2816;4;1
1577;4;0
1603;4;0
1578;4;1
781;2;0
2817;4;0
717;4;0
3064;4;1
3060;4;1
868;4;1
872;4;1
1390;4;1
1813;4;0
1389;4;0
551;4;0
2478;4;1
1170;4;1
1160;4;1
399;4;0
7976;4;1
247;2;0
4991;4;0
5000;4;1
7877;4;0
5180;4;1
5040;4;1
8092;4;1
7878;4;1
743;2;0
7893;4;0
8439;2;0
8443;2;0
8440;2;1
8074;4;1
7860;4;1
5010;4;1
5078;4;1
5024;4;1
8117;4;0
8420;2;1
8073;4;0
8011;4;0
2616;2;1
4979;4;0
8108;4;1
8081;4;0
4657;2;0
8062;4;1
4672;2;1
7939;4;0
8450;2;1
5128;4;1
8039;4;0
7934;4;1
4971;4;0
8059;4;0
8077;4;0
8126;4;1
7894;4;1
8048;4;1
5168;4;1
4959;4;0
5375;4;0
5089;4;0
5062;4;1
739;2;0
8429;2;0
5378;4;1
8041;4;0
7909;4;0
5139;4;0
5091;4;0
4674;2;1
4665;2;0
7925;4;0
776;2;1
5138;4;1
2624;2;1
8128;4;1
5055;4;0
5051;4;0
5199;4;0
4949;4;0
4960;4;1
728;2;1
8008;4;1
5053;4;0
7895;4;0
5084;4;1
7635;4;0
5382;4;1
745;2;0
5072;4;1
2725;6;0
4284;7;1
6860;2;1
8043;8;0
7727;3;0
3785;2;0
950;9;1
5077;4;0
9939;9;0
5157;5;0
1819;9;0
8035;5;0
3138;2;1
5038;6;1
4668;4;1
6179;9;0
1569;5;0
8690;9;1
3765;7;0
2851;2;0
8526;8;1
9414;9;1
7886;3;1
2280;7;1
4907;3;0
3396;5;1
5552;4;1
213;5;0
3814;9;1
3770;4;1
1227;5;0
2762;9;1
629;3;0
9058;3;1
6374;6;1
6191;6;0
4158;4;1
8756;4;1
5332;3;1
5825;9;0
347;8;0
6096;7;1
6720;3;1
549;9;0
1547;6;0
2344;8;1
7449;6;0
6757;7;0
4352;5;1
318;3;1
8492;9;1
4593;2;0
2814;4;1
2709;6;0
3787;4;0
4741;8;0
3804;8;1
1685;6;0
4283;9;0
9424;9;1
9873;8;0
9417;6;0
2406;9;1
5151;5;0
7555;4;0
1833;8;0
9186;4;1
1689;6;0
7915;9;0
5699;7;0
4873;8;0
7349;7;0
4508;9;1
7466;3;1
3686;8;1
4663;2;0
598;8;1
1628;4;1
3521;2;0
6797;2;0
5838;2;1
7513;7;0
1576;7;1
2968;3;1
2543;9;0
7331;7;0
2967;7;0
4313;3;0
6497;5;0
4187;8;0
7954;6;1
8706;7;1
6779;4;0
1017;5;0
106;7;1
6532;2;1
567;8;0
7239;4;0
252;9;1
6529;5;0
7479;9;0
9171;6;0
639;7;0
8119;8;0
5393;7;0
5896;5;1
2741;5;0
6490;7;1
2549;6;0
3768;4;1
597;3;0
1283;3;0
7220;3;1
2893;9;0
7015;9;0
2177;2;0
6399;6;0
3454;2;1
78;2;1
6855;5;0
754;7;1
165;7;0
1572;3;1
1082;2;1
1329;9;0
1812;2;1
5458;8;1
2833;7;0
7035;5;0
1126;3;1
9167;2;0
2904;9;1
2510;9;1
9788;5;1
2139;4;0
1803;4;0
661;4;0
2108;9;1
1316;5;1
8972;6;1
7499;5;0
6244;8;1
9240;7;1
7787;2;0
6171;9;0
9943;8;0
3008;3;1
2293;5;0
6303;7;0
2784;2;1
1135;6;0
9209;4;0
3871;9;0
463;9;0
50;4;1
4195;7;0
8866;7;1
9932;8;1
9887;5;0
2658;3;1
5389;6;0
4084;3;1
2956;5;1
9593;2;0
3964;5;1
2560;8;1
3689;3;0
4281;4;0
1771;9;0
3776;8;1
2778;2;1
4633;5;0
1037;4;0
3737;8;0
7126;2;1
1847;8;0
4514;3;1
8353;8;0
673;9;0
9675;6;0
2836;5;1
9809;4;0
2743;7;0
9017;8;0
6933;8;0
7460;9;1
3024;5;1
3324;7;1
9472;2;1
2643;9;0
2828;2;1
299;2;0
2024;9;1
6637;9;0
3453;7;0
9062;4;1
703;5;0
7412;7;1
6558;6;1
9935;2;0
6958;7;1
6011;7;0
9303;6;0
5079;6;0
7986;7;1
5155;2;0
8160;8;1
1342;3;1
914;5;1
4344;6;1
9305;7;0
8986;5;1
4417;5;0
9327;6;0
2071;9;0
969;3;0
7685;5;0
963;5;0
6489;4;0
4811;7;0
2953;7;0
4995;4;0
8412;9;1
3022;8;1
2902;3;1
9803;6;0
7139;3;0
1027;3;0
7217;7;0
6469;8;0
7321;9;0
5907;3;0
8808;8;1
5487;8;0
3385;4;0
184;7;1
9869;6;0
3572;7;1
9290;2;1
9585;6;0
8222;7;1
5732;6;1
8763;4;0
7272;7;1
9751;4;0
2907;2;0
4040;4;1
8485;2;0
4749;2;0
873;7;0
4490;8;1
7848;4;1
9435;6;0
1436;4;1
4748;2;1
3977;2;0
9547;6;0
6167;9;0
1964;9;1
5464;2;1
9556;9;1
6314;2;1
3162;2;1
7210;5;1
1428;2;1
4919;8;0
8894;3;1
9489;8;0
2516;5;1
760;9;1
186;6;1
3313;6;0
2628;3;1
9078;8;1
7231;6;0
4935;2;0
210;6;1
5584;7;1
9607;9;0
5617;8;0
4721;7;0
5130;5;1
1865;7;0
4350;8;1
8667;7;0
7532;5;1
9252;9;1
6830;7;1
8958;4;1
1507;4;0
3826;6;1
572;4;1
5241;4;0
8435;2;0
8809;9;0
9137;8;0
94;3;1
675;6;0
2801;4;0
8253;6;0
1571;5;0
9082;5;1
3956;3;1
1402;2;1
8483;7;0
1203;2;0
8003;3;0
5112;8;1
8673;2;0
9998;3;1
9796;7;1
5676;9;1
81;7;1
7809;2;0
3579;7;0
2552;3;1
7263;9;0
4673;8;0
6969;8;0
8528;4;1
9093;8;0
1369;3;0
7658;7;1
8150;2;1
8998;4;1
2157;6;0
2630;6;1
5839;6;0
1699;8;0
7861;9;0
4038;6;1
1478;5;1
7097;8;0
6090;5;1
5251;8;0
5153;8;0
2837;2;0
7765;2;0
1658;7;1
959;8;0
1011;9;0
7245;3;0
887;4;0
7053;3;0
1287;9;0
7145;3;0
7251;9;0
2599;2;0
9537;9;0
1310;2;1
3180;3;1
1794;7;1
6749;2;0
4326;8;1
1990;3;1
15;3;0
272;9;1
7753;3;0
8995;3;0
8305;5;0
5517;5;0
439;9;0
5174;8;1
4655;5;0
1048;3;1
8188;4;1
2130;7;1
4570;4;1
6444;7;1
5516;3;1
5420;4;1
997;6;0
1016;6;1
9591;2;0
5289;6;0
5085;8;0
7488;5;1
1494;9;1
1381;4;0
4324;3;1
9045;5;0
3102;6;1
6732;9;1
144;2;1
6541;5;0
3328;4;1
4397;6;0
9876;7;1
5305;2;0
3218;7;1
8858;2;1
4453;9;0
87;9;0
4031;3;0
8915;9;0
3926;7;1
949;3;0
2387;6;0
924;9;1
4834;4;1
6066;8;1
3528;7;1
440;6;1
8240;3;1
9707;5;0
8537;3;0
1993;3;0
7921;3;0
6229;3;0
4763;4;0
5647;3;0
2596;6;1
4447;4;0
65;6;1
3327;3;0
21;6;0
4220;2;1
4569;5;0
1600;8;1
6343;8;0
1103;4;0
7007;4;0
7005;2;0
1225;2;0
2865;6;0
224;9;1
3592;8;1
8104;4;1
458;9;1
2888;5;1
2343;4;0
1199;5;0
7089;2;0
5798;7;1
5863;7;0
573;7;0
490;5;1
8615;2;0
4637;9;0
6461;3;0
9608;2;1
5736;4;1
5558;9;1
6959;6;0
353;8;0
1944;3;1
4976;9;1
1973;8;0
307;9;0
7781;8;0
411;7;0
2305;4;0
2611;5;0
8557;2;0
5215;6;0
3993;6;0
8343;2;0
2195;4;0
342;7;1
5170;8;1
10;3;1
6494;7;1
2799;9;0
8863;7;0
2337;6;0
3987;4;0
3425;3;0
7192;6;1
3547;4;0
3599;7;0
6419;6;0
3472;6;1
1374;2;1
2069;7;0
9313;5;0
1025;7;0
9884;3;1
9042;7;1
2846;5;1
9789;5;0
7912;5;1
8283;3;0
4562;8;1
2593;9;0
164;6;1
6522;9;1
3203;8;0
9800;3;1
262;3;1
4928;2;1
8418;6;1
9750;5;1
1257;4;0
9005;6;0
5588;7;1
2677;4;0
4908;6;1
9676;2;1
2054;8;1
5007;3;0
8611;2;0
8152;5;1
8940;7;1
6470;5;1
2711;9;0
691;3;0
1417;5;0
30;5;1
6882;9;1
9941;6;0
9586;7;1
7996;3;1
5161;6;0
4866;4;1
5048;3;1
2043;9;0
2572;5;1
1709;3;0
7222;8;1
9315;7;0
5707;8;0
1845;9;0
8211;9;0
1722;3;1
4065;9;0
6365;4;0
7106;6;1
9907;6;0
4461;6;0
8553;6;0
9427;6;0
6259;9;0
5252;9;1
1980;9;1
8295;4;0
951;3;0
1108;2;1
3193;8;0
1291;9;0
9590;6;1
6276;5;1
7166;2;1
8835;7;0
4375;9;0
4169;8;0
2183;9;0
4939;2;0
3756;8;1
2850;5;1
7022;6;1
3093;2;0
730;3;1
3530;4;1
72;8;1
4535;7;0
5927;4;0
3678;7;1
8792;9;1
4451;7;0
47;5;0
8674;4;1
401;2;0
1537;3;0
2106;9;1
615;8;0
3479;6;0
3816;2;1
7841;3;0
9774;9;1
7815;2;0
910;4;1
4807;6;0
6357;5;0
2145;5;0
3033;3;0
7705;3;0
8621;9;0
6346;7;1
1828;8;1
4163;4;0
1711;3;0
8563;5;0
3386;2;1
2617;5;0
328;3;1
5922;4;1
5355;4;0
3637;4;0
8555;9;0
3840;3;1
8710;3;1
2477;6;0
6172;5;1
1804;2;1
4339;9;0
4131;9;0
1679;9;0
4094;9;1
408;2;1
1439;2;0
2365;5;0
3174;4;1
1818;9;1
7615;2;0
7207;3;0
1887;8;0
220;9;1
7122;3;1
2380;2;1
6695;9;0
2641;6;0
5113;5;0
7993;3;0
1642;8;1
9882;5;1
3488;3;1
6989;9;0
7946;4;1
4185;9;0
7306;5;1
5645;3;0
8156;7;1
1853;5;0
7902;4;1
8791;4;0
2225;8;0
2880;3;1
7269;9;0
2553;4;0
7681;8;0
1214;7;1
5695;9;0
7034;9;1
174;7;1
3820;7;1
6487;5;0
7910;4;1
4896;9;1
2942;8;1
3129;9;0
3350;8;1
9846;7;1
6284;4;1
8828;4;1
7883;7;0
6429;9;0
147;7;0
9279;9;0
4300;9;1
477;9;0
3903;2;0
599;4;0
642;8;1
9633;4;0
6995;6;0
5706;2;1
1509;9;0
4303;5;0
1067;8;0
6891;7;0
8662;2;1
6716;8;1
4197;4;0
6190;6;1
944;5;1
4614;9;1
5683;9;0
4808;3;1
7225;6;0
7674;9;1
6493;9;0
8831;5;0
4309;2;0
4853;9;0
8932;9;1
487;2;0
3450;2;1
3922;2;1
1338;9;1
6612;8;1
5268;6;1
9333;7;0
3260;2;1
533;9;0
339;3;0
3612;7;1
3709;2;0
4507;8;0
1798;7;1
9850;3;1
4097;9;0
3091;2;0
8168;3;1
7716;7;1
7254;8;1
6459;6;0
9565;4;0
5450;3;1
27;8;0
4851;5;0
4143;3;0
8880;6;1
9542;2;1
1253;9;0
1516;8;1
9039;9;0
7077;8;0
8592;6;1
1303;7;0
806;9;1
1587;8;0
4917;9;0
5886;6;1
1498;4;1
7801;5;0
7197;7;0
1790;4;1
4203;4;0
2952;5;1
4754;3;1
4493;4;0
7514;9;1
5021;5;0
4589;9;0
829;8;0
1971;5;0
3639;5;0
9831;3;0
6605;2;0
5704;6;1
7732;9;1
5697;6;0
9936;3;1
8155;7;0
3581;8;0
9345;8;0
3761;9;0
7011;9;0
4925;9;0
5429;9;0
9256;7;1
7490;4;1
4104;2;1
8129;2;0
9248;7;1
2394;7;1
2519;3;0
632;9;1
6952;2;1
6587;7;0
3317;5;0
5178;3;1
6165;7;0
1346;2;1
543;7;0
6100;6;1
742;5;1
1815;5;0
3815;3;0
6738;4;1
6344;7;1
1327;7;0
5263;9;0
3811;6;0
2730;5;1
6356;2;1
1395;3;0
8285;5;0
8180;6;1
9360;4;1
8879;7;0
7859;6;0
7270;3;1
2073;2;0
4892;3;1
8882;3;1
6510;3;1
8664;9;1
4467;8;0
3507;8;0
1215;8;0
7669;5;0
2121;7;0
627;8;0
9236;6;1
1216;3;1
9649;7;0
7472;5;1
2356;8;1
8772;3;1
1302;5;1
8643;2;0
9992;2;1
1418;4;1
8787;8;0
4883;8;0
1493;9;0
1668;9;1
7782;5;1
7445;9;0
7096;7;1
4227;5;0
1674;2;1
9783;2;0
652;8;1
8399;4;0
4716;2;1
3006;5;1
6000;8;1
4750;5;1
8985;3;0
6977;4;0
7018;4;1
5766;4;1
4049;9;0
1854;5;1
8704;8;1
8005;7;0
2922;4;1
2502;5;1
3404;8;1
6735;5;0
9395;4;0
2156;4;1
6463;2;0
1282;5;1
6655;5;0
1236;5;1
343;3;0
2773;3;0
5276;8;1
8258;8;1
9200;3;1
2620;3;1
9816;6;1
7612;6;1
3684;4;1
8689;2;0
7770;3;1
8232;4;1
3836;6;1
9408;3;1
4130;6;1
2241;4;0
4337;9;0
8178;8;1
1713;3;0
3460;5;1
582;4;1
6805;6;0
8844;4;1
7;5;0
2504;6;1
8885;4;0
8872;3;1
7379;3;0
3594;8;1
3757;5;0
4604;9;1
7185;8;0
2411;8;0
7543;6;0
8775;4;0
7823;5;0
794;4;1
5148;5;1
4998;7;1
1838;8;1
912;3;1
1708;3;1
9829;2;0
135;5;0
5729;5;0
9503;9;0
575;9;0
531;9;0
2015;2;0
8030;3;1
9373;6;0
3499;3;0
3965;8;0
3051;3;0
9358;3;1
5028;8;1
8654;8;1
1095;5;0
7960;6;1
5284;7;1
971;7;0
9469;2;0
5796;8;1
4096;6;1
1597;9;0
8784;7;1
9923;4;0
8731;7;0
6235;5;0
7837;8;0
8718;5;1
7013;2;0
2472;6;1
3267;7;0
8461;8;0
9554;4;1
2594;5;1
2716;6;1
4941;4;0
7675;3;0
861;3;0
2310;6;1
3647;6;0
3957;9;0
1817;8;0
4483;4;0
2289;2;0
1718;7;1
3243;2;0
2040;9;1
3703;8;0
6359;8;0
2298;9;1
8316;9;1
3700;5;1
2662;9;1
216;3;1
6391;7;0
1137;8;0
2209;6;0
9470;8;1
7706;6;1
8576;2;1
3992;9;1
7746;4;1
562;8;1
7790;9;1
6147;5;0
9705;8;0
1617;2;0
5613;3;0
2585;2;0
8370;4;1
8017;8;0
939;4;0
9215;7;0
2314;9;1
3262;9;1
854;9;1
1091;4;0
4967;9;0
8607;6;0
7019;3;0
1676;8;1
8141;4;0
960;9;1
1836;3;1
2005;5;0
5960;5;1
1419;5;0
5361;4;0
8381;2;0
7990;5;1
9092;3;1
7929;8;0
7838;3;1
8025;2;0
3042;8;1
8349;6;0
8539;9;0
9667;3;0
7357;5;0
2028;4;1
3538;9;1
18;6;1
8083;5;0
434;3;1
1289;3;0
1753;7;0
6152;4;1
235;6;0
332;4;1
816;5;1
2859;5;0
5786;4;1
2656;7;1
6404;2;1
7012;9;1
7927;3;0
4769;5;0
3371;7;0
8922;6;1
4832;9;1
8291;9;0
850;4;1
3929;9;0
6915;3;0
6965;3;0
1441;3;0
905;2;0
8982;5;1
3830;8;1
2747;9;0
5615;2;0
5179;7;0
5629;3;0
1517;6;0
9100;9;1
9562;3;1
2233;3;0
6816;8;1
8434;6;1
519;7;0
3624;2;1
7454;7;1
2331;3;0
6685;6;0
2135;7;0
8238;6;1
3918;4;1
8079;4;0
1532;7;1
2162;9;1
9257;9;0
3181;7;0
4522;6;1
8909;3;0
6129;3;0
8393;6;0
7452;4;1
3539;6;0
3718;9;1
5720;9;1
9413;2;0
8046;4;1
5390;8;1
3392;3;1
7696;4;1
7450;8;1
9965;5;0
3654;2;1
6888;9;1
539;9;0
9183;5;0
1355;2;0
7919;5;0
3693;8;0
6038;8;1
9282;4;1
6052;9;1
8850;6;1
1222;8;1
6885;2;0
9577;4;0
8529;5;0
6984;4;1
1458;9;1
5679;2;0
9828;4;1
6662;4;1
1393;2;0
7491;5;0
8308;3;1
5530;6;1
8411;3;0
338;7;1
4504;7;1
2490;2;1
906;2;1
574;3;1
2467;5;0
2945;4;0
2930;8;1
3676;5;1
9145;2;0
8903;4;0
9759;9;0
8459;3;0
8768;5;1
1178;3;1
3127;8;0
6273;3;0
8438;9;1
268;2;1
8243;6;0
8800;9;1
565;8;0
3520;8;1
943;7;0
6864;5;1
3367;3;0
7001;4;0
5066;6;1
3057;9;0
1508;7;1
5149;3;0
5030;4;1
9059;7;0
5854;2;1
7564;4;1
368;9;1
6734;9;1
6867;7;0
7259;7;0
1586;4;1
4624;2;1
2727;6;0
2151;6;0
7784;5;1
678;7;1
9702;8;1
7932;7;1
1643;8;0
6634;2;1
9961;3;0
60;3;1
5876;9;1
4662;4;1
7749;3;0
8551;9;0
8842;4;1
6545;5;0
6434;5;1
6677;7;0
5912;3;1
8849;8;0
8708;6;1
4438;4;1
2276;4;1
6413;6;0
1248;2;1
6889;7;0
380;7;1
8541;7;0
2561;6;0
9507;7;0
9309;4;0
1698;4;1
5637;7;0
8883;7;0
131;6;0
1477;4;0
6600;2;1
6961;8;0
4850;2;1
5245;5;0
5438;6;1
5240;3;1
4833;2;0
1383;8;0
1604;3;1
8583;9;0
6537;8;0
8931;3;0
9740;9;1
8530;7;1
5118;3;1
2595;6;0
2961;2;0
4121;5;0
8712;4;1
9076;2;1
6075;8;0
3484;2;1
1923;2;0
8790;8;1
2179;5;0
2454;7;1
6530;2;1
2507;8;0
1425;5;0
7481;2;0
5843;8;0
3140;2;1
7804;9;1
3953;3;0
1075;4;0
6318;9;1
139;6;0
5411;7;0
711;8;0
7411;6;0
4597;3;0
2270;4;1
619;5;0
7531;6;0
579;9;0
8476;7;1
9070;5;1
1886;6;1
7974;3;1
8133;2;0
5743;5;0
8317;6;0
5666;3;1
1947;5;0
9174;6;1
4190;6;1
2818;8;1
6973;2;0
5641;3;0
5636;5;1
845;7;0
3843;7;0
2826;7;1
125;2;0
2795;2;0
5498;8;1
7040;6;1
5093;9;0
7494;9;1
9126;8;1
37;6;0
2193;3;0
512;6;1
4494;5;1
1377;2;0
4056;5;1
1453;8;0
1335;6;0
8977;4;0
6395;9;0
1230;3;1
8194;8;1
5204;8;1
3242;7;1
3457;4;0
4360;4;1
1271;8;0
9015;8;0
8250;4;1
280;6;1
8898;7;1
1121;9;0
9684;9;1
1258;5;1
2532;5;1
8214;6;1
8460;6;1
3610;6;1
7840;6;1
5980;7;1
5076;4;1
6233;2;0
8190;7;1
143;2;0
6569;5;0
8021;5;0
9144;9;1
9704;3;1
7033;7;0
4137;7;0
1234;6;1
1725;3;0
7123;8;0
2693;8;0
7495;5;0
6281;2;0
1325;6;0
5882;5;1
3750;9;1
5313;4;0
8427;5;0
690;3;1
8924;5;1
3828;6;1
3044;5;1
735;9;0
1873;4;0
3899;9;0
653;7;0
4226;2;1
4785;8;0
2372;4;1
5769;4;0
3913;9;0
9339;6;0
4413;8;0
9278;6;1
8065;4;0
1933;9;0
269;8;0
3202;3;1
4743;8;0
623;2;0
2370;3;1
5471;4;0
5290;6;1
6935;6;0
2466;5;1
7054;6;1
4458;5;1
6200;3;1
3348;2;1
7104;8;1
56;4;1
7975;6;0
8098;2;1
6905;9;0
8369;5;0
149;9;0
972;7;1
5632;7;1
8582;6;1
1967;3;0
8066;9;1
6095;4;0
3359;6;0
1322;9;1
9958;5;1
8453;2;0
762;2;1
6115;9;0
1357;2;0
8379;3;0
5452;2;1
9523;9;0
6626;9;1
4776;8;1
7497;4;0
6750;3;1
3070;9;1
3510;3;1
638;3;1
6910;6;1
9380;9;1
7188;3;1
1145;6;0
6236;9;1
3779;8;0
1069;5;0
5350;9;1
9111;2;0
1127;8;0
9244;3;1
187;3;0
734;8;1
9605;6;0
7558;7;1
3156;7;1
2886;6;1
7846;3;1
9388;9;1
9612;7;1
5058;7;1
2665;2;0
9645;7;0
2900;2;1
1206;5;1
6347;3;0
5713;8;0
5133;6;0
9064;9;1
2562;5;1
6221;5;0
3900;9;1
9312;8;1
1476;4;1
8650;5;1
1422;9;1
6323;8;0
5262;5;1
5106;7;1
8112;9;1
8976;2;1
8402;2;1
7668;7;1
9378;7;1
9818;5;1
8832;3;1
9664;9;1
4103;2;0
5325;9;0
6982;4;1
35;4;0
2787;5;0
3320;9;1
1913;8;0
8774;7;1
7762;6;1
8891;3;0
5086;3;1
9578;4;1
7109;8;0
8042;4;1
2598;2;1
1850;2;1
2328;5;1
5767;4;0
7994;4;1
1009;2;0
6718;2;1
3264;4;1
4262;7;1
896;4;1
5395;2;0
9405;7;0
6913;9;0
6406;9;1
7226;4;1
1723;7;0
7023;2;0
884;6;1
5127;8;0
6289;7;0
4160;7;1
6405;7;0
3586;6;1
1461;2;0
1022;9;1
9911;8;0
4812;3;1
67;9;1
7947;3;0
2729;5;0
8362;4;1
7338;4;1
4584;5;1
1879;3;0
2152;6;1
1375;9;0
9635;3;0
670;9;1
6340;5;1
7836;4;1
7363;5;0
1471;2;0
1706;3;1
9657;9;0
4329;4;0
4498;8;1
2515;7;0
3984;9;1
3981;4;0
161;8;0
779;2;0
4264;9;1
6028;6;1
5723;5;0
7707;3;0
2363;3;0
8757;4;0
8309;4;0
9420;5;1
6338;7;1
2279;5;0
3645;9;0
8853;7;0
2049;4;0
1438;6;1
6786;2;1
7406;8;1
7087;8;0
7298;9;1
9847;4;0
7982;4;1
430;6;1
6714;5;1
645;5;0
864;7;1
4756;5;1
2035;6;0
1472;2;1
9627;8;0
4272;7;1
7643;7;0
156;4;1
7773;7;0
3740;4;1
4694;8;1
5018;6;1
4578;2;1
945;2;0
5958;4;1
2771;9;0
9910;2;1
4626;7;1
8959;7;0
5730;2;1
8386;3;1
1618;4;1
4354;6;1
1574;3;1
1820;6;1
1392;4;1
2664;5;1
6137;6;0
8725;2;0
5966;2;1
6222;7;1
5061;6;0
3322;4;1
9995;8;0
2435;4;0
7032;4;1
7714;2;1
1653;6;0
9323;5;0
4217;2;0
5437;7;0
9485;6;0
9720;8;1
8895;2;0
2834;9;1
